lesion_vol_frac,Rollout_mass,Rollout_concentration,Last Block (11)_mass,Last Block (11)_concentration,Block 0 (Early)_mass,Block 0 (Early)_concentration,Block 5 (Mid)_mass,Block 5 (Mid)_concentration,All-Block Avg_mass,All-Block Avg_concentration,entropy_block2_mean,entropy_block2_max,entropy_block5_mean,entropy_block5_max,entropy_block8_mean,entropy_block8_max,entropy_block11_mean,entropy_block11_max,dataset,case_id
0.006663799285888672,0.04093869259531857,6.143437010121317,0.023445432754101603,3.5183228913453166,0.00821637833269051,1.2329852161419999,0.01707359105546402,2.562136808389636,0.025681456906966105,3.853870332296174,5.815663814544678,5.950294494628906,5.773499488830566,6.012973785400391,5.22591495513916,5.661015510559082,5.952652931213379,6.147054672241211,CRLM,CRLM-001_CT
0.003509044647216797,0.02168803111840134,6.1805908709923285,0.01036346581571479,2.953349792923448,0.004016530822241293,1.1446190572800001,0.009210018767475958,2.624643869476605,0.014174985009844931,4.039545243642132,5.903040885925293,6.008129119873047,5.823497295379639,6.0944013595581055,5.245455741882324,5.729201793670654,6.043742656707764,6.199589729309082,CRLM,CRLM-002_CT
0.004902839660644531,0.029701446402782494,6.057996564976852,0.015142733694176513,3.0885576230754426,0.0060464463491882725,1.233251428801389,0.011627720300339206,2.3716248926977337,0.01948915014679642,3.975065828193142,5.885324478149414,6.060825347900391,5.808249473571777,6.083856582641602,5.226790904998779,5.650657653808594,5.980987071990967,6.163876533508301,CRLM,CRLM-003_CT
0.022266864776611328,0.0800535302983576,3.5951848250587997,0.06049738416265882,2.71692299748342,0.026024740766729337,1.168764859362536,0.03885320690361027,1.7448881934891414,0.05471571276461873,2.457269523161418,6.055278778076172,6.140292167663574,6.039904594421387,6.163337707519531,5.541773796081543,5.952463150024414,5.994509696960449,6.160395622253418,CRLM,CRLM-004_CT
0.0015339851379394531,0.008613614052819685,5.615150817485619,0.005588571816474541,3.643148324434339,0.0016105833439326034,1.0499272807970095,0.004793285990160712,3.1247074202590484,0.005461670394993234,3.560422233364867,6.037563323974609,6.194089412689209,5.9352312088012695,6.0476179122924805,5.489648818969727,5.8459954261779785,5.976640701293945,6.1226348876953125,CRLM,CRLM-005_CT
0.00042247772216796875,0.0030548539302799327,7.230633625526784,0.0015000246924046223,3.5504574776927043,0.0004756350581374136,1.1257961668015408,0.001034199519779122,2.4478806495776806,0.0018758779948484516,4.440076945248263,6.055995464324951,6.174819469451904,5.987621784210205,6.072802543640137,5.6285505294799805,5.981254577636719,5.919900417327881,6.081608295440674,CRLM,CRLM-006_CT
0.010966300964355469,0.0595527617871312,5.430519158238309,0.04483208162673691,4.088164358320461,0.017246573502831097,1.5726868915981669,0.026269400939384013,2.3954638004310835,0.039210412998045285,3.575533570541042,5.797347068786621,5.998680114746094,5.696319580078125,6.025785446166992,5.382169723510742,5.733304977416992,5.851365089416504,6.116751670837402,CRLM,CRLM-007_CT
0.0036649703979492188,0.02377824541838436,6.487959780546096,0.012551123682442267,3.4246086798896362,0.004149342644609533,1.1321595736040893,0.010655074971737122,2.9072665648360054,0.014573913287108553,3.976532397080091,5.886386871337891,6.044890880584717,5.964982509613037,6.173495292663574,5.3013081550598145,5.660265922546387,6.008983612060547,6.175843715667725,CRLM,CRLM-008_CT
0.005761623382568359,0.03177619611699356,5.5151367688772845,0.021509724966392696,3.733268595580846,0.008497020423732238,1.4747589545422495,0.014134770449061307,2.453257524476585,0.020962303918054204,3.6382571618449373,5.856739044189453,6.039103031158447,5.701319217681885,6.034879684448242,5.427650451660156,5.792609691619873,5.907797813415527,6.146866798400879,CRLM,CRLM-009_CT
0.0004405975341796875,0.0020816984740577027,4.724609346350282,0.001567306667993762,3.5571490417469502,0.0003867716048091552,0.8778143240996485,0.0024456688431655493,5.550674133883881,0.0016295682072495765,3.698457427160131,5.971245288848877,6.1998748779296875,6.014681816101074,6.101775169372559,5.809136390686035,6.063014984130859,5.993973255157471,6.136281967163086,CRLM,CRLM-010_CT
0.0014986991882324219,0.00990418163587492,6.608474621788311,0.004235820454027817,2.8263124609408345,0.0017127539342141063,1.1428193992952889,0.004763137762324732,3.17816011253149,0.006061665789047765,4.04459106319145,5.865836143493652,6.026150703430176,5.854762077331543,5.983808517456055,5.463855743408203,5.853154182434082,6.002328872680664,6.165229797363281,CRLM,CRLM-011_CT
0.0006542205810546875,0.004929365979933209,7.53460037283271,0.0022499563472138107,3.439087704501137,0.0007151348315233008,1.0930929434243648,0.0047276844429688936,7.226327505735632,0.003463609712980542,5.294172747774713,5.908317565917969,6.180477142333984,5.924981117248535,6.064401149749756,5.603918075561523,6.01603889465332,5.953991413116455,6.128513336181641,CRLM,CRLM-012_CT
0.000522613525390625,0.002831591458971161,5.418032907827373,0.002166071759006627,4.144612046286355,0.0005139440768573422,0.9833925414536295,0.0015172109689274293,2.9030667300968105,0.0020381864394494187,3.8999133036080127,6.0702805519104,6.192162036895752,6.0830488204956055,6.1721296310424805,5.785267353057861,6.02849006652832,5.939715385437012,6.119428634643555,CRLM,CRLM-013_CT
0.0004677772521972656,0.0020561405286798617,4.395460797663611,0.0012503761786319956,2.672959070087512,0.0004352228925483814,0.9303863893342014,0.0011212144091246046,2.3968468654459807,0.0014339600968469313,3.0654108039742627,6.142157077789307,6.213597297668457,5.99773645401001,6.135336875915527,5.567225456237793,5.905561447143555,6.015804767608643,6.175452709197998,CRLM,CRLM-014_CT
0.020313262939453125,0.0653117714910536,3.21522640323524,0.05472623926442566,2.6941123386440844,0.023785946645602962,1.1709558925585593,0.037945907006985635,1.8680351078868147,0.046244647529931626,2.276572941631366,6.102288246154785,6.184110641479492,6.024804592132568,6.189261436462402,5.459967613220215,5.966505527496338,5.906087875366211,6.163864612579346,CRLM,CRLM-015_CT
0.0022497177124023438,0.01250250323982982,5.557340637671738,0.008864071311563748,3.9400640631742765,0.0025829446478269347,1.14811434005441,0.005146968817768993,2.2878185610617146,0.008500911205146622,3.7786400364286883,6.0528059005737305,6.165587902069092,6.044592380523682,6.132979393005371,5.763287544250488,6.091002464294434,5.989310264587402,6.16127872467041,CRLM,CRLM-016_CT
0.0070056915283203125,0.04980398417308152,7.109064520055641,0.03424075462851306,4.8875554418206315,0.009461977998086013,1.3506110644075096,0.023241993512613135,3.317582603063827,0.030143947964688778,4.30277365412056,5.81126070022583,5.982163906097412,5.848174095153809,6.068016052246094,5.305951118469238,5.642317771911621,5.867269992828369,6.133142948150635,CRLM,CRLM-017_CT
0.0010018348693847656,0.005268871504313211,5.259169024390805,0.0033250733979457436,3.318950368022223,0.001049420684779534,1.0474882058576442,0.0034034382663321594,3.3971709296891603,0.0036483903444377574,3.6416719353748244,6.049908638000488,6.174071311950684,6.006543159484863,6.105257987976074,5.6619553565979,5.9597649574279785,6.002583980560303,6.173610687255859,CRLM,CRLM-018_CT
0.004471778869628906,0.024873062324104467,5.562217503835008,0.017255820801892696,3.85881831744992,0.005369608728074127,1.2007742057195394,0.011381735255724834,2.5452309103916515,0.016912106698100615,3.7819555419896367,5.927102565765381,6.068366050720215,5.925540447235107,6.086606502532959,5.627182960510254,5.9982805252075195,5.970609664916992,6.15825080871582,CRLM,CRLM-019_CT
0.018616199493408203,0.07276869815001419,3.908889088070307,0.056199001154652706,3.01882083861122,0.020850964810051664,1.1200435199998562,0.03686128355542451,1.980063856096843,0.049664111710399084,2.6677886133578697,5.765972137451172,6.045450210571289,5.769209384918213,6.004316806793213,5.322782516479492,5.708446502685547,5.825403213500977,6.105141639709473,CRLM,CRLM-020_CT
0.0014748573303222656,0.006978473022400067,4.731593736553401,0.004754732494234304,3.22383742352973,0.001950282586449248,1.3223444213271045,0.0055383879406463166,3.7551770432369347,0.005171327109792401,3.5062998572640707,6.128304481506348,6.218740463256836,6.086381435394287,6.1570329666137695,5.871759414672852,6.115715503692627,6.06097412109375,6.190874099731445,CRLM,CRLM-021_CT
0.007770538330078125,0.031085895657099627,4.000476457597309,0.024634915700403326,3.1702930930944544,0.01015867346717414,1.3073303241486955,0.013951565543834477,1.7954415764754927,0.021450826618945484,2.7605293356086515,5.99626350402832,6.137777328491211,6.037023544311523,6.154443740844727,5.76864767074585,6.091859817504883,6.018896102905273,6.170970439910889,CRLM,CRLM-022_CT
0.0031862258911132812,0.023663101464308056,7.4266633962371476,0.01146012841212496,3.5967608186475966,0.003967822784318287,1.2453010134575806,0.009949350435249471,3.122603214344289,0.014568580323498281,4.572348319887882,5.848881244659424,6.041159152984619,5.711812973022461,5.90571928024292,5.256041526794434,5.684401512145996,5.925812721252441,6.140419006347656,CRLM,CRLM-023_CT
0.0011668205261230469,0.01185469228812508,10.159737873428721,0.004813400874695617,4.125192791012073,0.0015957026222395143,1.3675530306371513,0.003371565846464364,2.8895077485389846,0.006167758586457239,5.285907806123702,5.825301170349121,5.950942039489746,5.944399833679199,6.114136695861816,5.233335494995117,5.576454162597656,5.995123386383057,6.151247024536133,CRLM,CRLM-024_CT
0.00016546249389648438,0.0012798268883216224,7.734378434655438,0.0006570975951945002,3.971038205331967,0.0001924129321082546,1.1628091628849417,0.0005211538851881414,3.149489518869298,0.0008136732969887817,4.917272217446582,6.028782844543457,6.131333351135254,6.085500717163086,6.159059524536133,5.788944244384766,6.0487060546875,5.938814163208008,6.098234176635742,CRLM,CRLM-025_CT
0.00022459030151367188,0.00199510155630378,8.882897942959058,0.00105824421257239,4.711677613255442,0.00029112415643339773,1.296187736487417,0.0007295875756199166,3.2483819954956967,0.001153369604026011,5.135209508860802,6.049385070800781,6.118001461029053,6.049091339111328,6.161493301391602,5.704649925231934,6.00559139251709,5.927164077758789,6.12800407409668,CRLM,CRLM-026_CT
0.0013751983642578125,0.005145702215827441,3.741761866467799,0.004512934033868987,3.2816365513487673,0.0015447478837131712,1.1232827867120032,0.0033665830978861777,2.4480530989957234,0.003511665720907331,2.553551746903856,6.08530330657959,6.181589126586914,6.114377021789551,6.173267364501953,6.013851642608643,6.1549763679504395,6.081846237182617,6.207584381103516,CRLM,CRLM-027_CT
0.0029296875,0.013800324001863373,4.71049451414809,0.006227253807139732,2.1255620442519176,0.0030554812030061385,1.0429340240779597,0.006935061076831062,2.3671594343208,0.009890003011719273,3.3757761720175115,5.983762741088867,6.069052219390869,5.923891544342041,6.091987133026123,5.500852584838867,5.935729026794434,6.03348445892334,6.196429252624512,CRLM,CRLM-028_CT
0.002433300018310547,0.010934121255559148,4.493517543297148,0.0069452587508749275,2.8542432729952916,0.002678817238972897,1.1008943450751938,0.00934434581546384,3.8401789106805393,0.007685785586431848,3.158572285732875,6.0975542068481445,6.189516544342041,5.982304573059082,6.09404182434082,5.555376052856445,5.925993919372559,6.052742958068848,6.182520866394043,CRLM,CRLM-029_CT
0.0018854141235351562,0.008595969496241196,4.559170209471923,0.003214173767844386,1.704748405264824,0.0018114778104347806,0.9607800111511638,0.006595974825927442,3.4984037509608386,0.006429585635146395,3.4101534794680415,6.018608570098877,6.167640686035156,6.026815414428711,6.1234965324401855,5.540057182312012,5.912449836730957,6.104459285736084,6.207346439361572,CRLM,CRLM-030_CT
0.01034688949584961,0.06322625100335699,6.11064706182935,0.04751999720929234,4.592679887182992,0.011458140376163328,1.1073984415098905,0.023220564161590573,2.244205055911184,0.03956434479692916,3.823787484627581,5.878342628479004,6.136553764343262,5.8967084884643555,6.095828056335449,5.257204532623291,5.699070930480957,5.8489813804626465,6.14274787902832,CRLM,CRLM-031_CT
0.00032329559326171875,0.0023577489109811722,7.2926326055626065,0.0010268733724387857,3.176169524563476,0.0003645052224783285,1.1274324666052353,0.0009820817822401295,3.0376269471005584,0.0015527985610788164,4.802881835149113,6.04274320602417,6.102965831756592,5.937222480773926,6.037304878234863,5.584383487701416,5.929271697998047,5.978353977203369,6.112085819244385,CRLM,CRLM-032_CT
0.0013208389282226562,0.006159961390835633,4.663638103658472,0.0020891767923671978,1.5816924613615042,0.0012810285099362773,0.9698524051952243,0.006271762059554931,4.748281143699195,0.004573554393914492,3.4625870500335716,5.925356864929199,6.102916717529297,5.9298906326293945,6.049938201904297,5.457077503204346,5.823548316955566,6.143380165100098,6.216397285461426,CRLM,CRLM-033_CT
0.016421794891357422,0.05831417690285434,3.5510211751172562,0.04037701853349063,2.458744261097665,0.019179566785140878,1.167932935023167,0.027797420091815184,1.692714063753406,0.04097508484187529,2.4951632973936944,5.946419715881348,6.0973687171936035,5.983592510223389,6.140388011932373,5.483667373657227,5.935485363006592,5.982108116149902,6.162664890289307,CRLM,CRLM-034_CT
0.012750625610351562,0.051739458952852146,4.057794492287712,0.03707261101914128,2.9075108215816314,0.014080413564357741,1.1042911110193285,0.028547375310836287,2.2388982152121257,0.03718723552407255,2.9165005306780323,5.922910213470459,6.031097412109375,5.920077323913574,6.100759506225586,5.500572204589844,5.874042510986328,5.9759674072265625,6.151126861572266,CRLM,CRLM-035_CT
0.002036571502685547,0.012306981106348758,6.042960269510504,0.006520734663695293,3.2018039322741068,0.0022903319868134986,1.1245962824435667,0.005388997530246797,2.6460996150365568,0.007577710573514196,3.7207990760604552,5.907041072845459,6.113003730773926,5.842706680297852,5.95632266998291,5.565866470336914,5.912140369415283,6.039421081542969,6.195477485656738,CRLM,CRLM-036_CT
0.004642486572265625,0.031062552075809435,6.690915457294636,0.01829626185167399,3.9410393883705277,0.006065098902411137,1.3064304535288553,0.01250706841040028,2.694039341917402,0.019928678011979173,4.292664022852171,5.84409761428833,6.059762954711914,5.7946929931640625,5.977602958679199,5.393704414367676,5.809441566467285,5.950075149536133,6.16062068939209,CRLM,CRLM-037_CT
0.0034546852111816406,0.036509761704792254,10.568157094328589,0.01567307106847693,4.53674495444596,0.005480155942223064,1.58629216391817,0.01325785143160374,3.837632734920496,0.019728302661860653,5.7105768977845095,5.734892845153809,5.847322463989258,5.938132286071777,6.128887176513672,5.212923049926758,5.507175922393799,6.024467945098877,6.157584190368652,CRLM,CRLM-038_CT
0.0017342567443847656,0.008445202479379077,4.8696098836716315,0.004895005384241813,2.8225216219424913,0.0017162755086701509,0.9896260273842724,0.004109049307487567,2.369329470677972,0.005716623403031917,3.296276897162034,6.027275085449219,6.120832443237305,6.025311470031738,6.122570991516113,5.740480899810791,6.069364547729492,6.043931484222412,6.196230888366699,CRLM,CRLM-039_CT
0.0005068778991699219,0.0031654547456128057,6.244881266245544,0.0012368239682132298,2.4400345130326624,0.0005124320497316148,1.0109376265852312,0.0026642952823294763,5.256182455119797,0.0022067593002930153,4.353545042023685,6.078839302062988,6.193359375,5.965436935424805,6.094141006469727,5.494017601013184,5.896050930023193,6.057044982910156,6.188446044921875,CRLM,CRLM-040_CT
0.0011920928955078125,0.005528486422122114,4.637591639912164,0.003175871193150215,2.6640915017636595,0.001370806702595928,1.1499063610712825,0.0026860446830028195,2.2531986904189316,0.0037524998035678436,3.1477985815724003,6.0474853515625,6.1722731590271,6.102124214172363,6.152041435241699,5.748225212097168,6.02639102935791,5.962591171264648,6.124884605407715,CRLM,CRLM-041_CT
0.012074470520019531,0.06519251335828358,5.399198189122435,0.043984315623163184,3.6427501415267542,0.013379361765146314,1.1080693486534088,0.030062829974156102,2.4897824734001452,0.04041050354425124,3.3467695340806163,5.829889297485352,5.953563690185547,5.813889503479004,6.075382709503174,5.263458251953125,5.702810287475586,5.896040916442871,6.11961030960083,CRLM,CRLM-042_CT
0.0008592605590820312,0.004491877755981477,5.227547608264622,0.0022326924352000788,2.5983578880967246,0.0008180971386764213,0.9520832874227694,0.004302886399727868,5.007603663652448,0.0033697639820502445,3.9216565102034946,6.089239120483398,6.169002532958984,6.017327785491943,6.110431671142578,5.6246562004089355,6.019163131713867,6.042057991027832,6.16440486907959,CRLM,CRLM-043_CT
0.0004124641418457031,0.002280514076119289,5.528865557279892,0.0012869041717067375,3.1199632683595913,0.00039449860358331534,0.9564202056837977,0.0012414622756296012,3.0097941899446465,0.001374129790178813,3.331432569396902,6.03199577331543,6.168004035949707,6.03453254699707,6.162869930267334,5.6124138832092285,5.986372947692871,5.91837215423584,6.128971099853516,CRLM,CRLM-044_CT
0.001697540283203125,0.009475543391090469,5.581892615994248,0.0033435324900210617,1.9696220625124083,0.0019108780701344585,1.1256680223508921,0.004084488642206452,2.4061076025974257,0.007075215591612505,4.167897505965012,6.001654624938965,6.168107509613037,5.879629611968994,5.979332447052002,5.5207319259643555,5.881980895996094,6.1278228759765625,6.213540077209473,CRLM,CRLM-045_CT
0.0065746307373046875,0.040464318344220374,6.154605241716821,0.024252414069451333,3.688781644271829,0.008524261858610771,1.2965365255996242,0.015711480440586456,2.3897093496590767,0.025809881233385568,3.9256717233140375,5.85929012298584,6.029558181762695,5.832849502563477,6.151368618011475,5.27842378616333,5.656508445739746,5.916841506958008,6.132815361022949,CRLM,CRLM-046_CT
0.00010776519775390625,0.0008131920380947122,7.545261387054505,0.0003900918735553205,3.619495780894374,0.00012133112068113405,1.12577961543788,0.0003050228455094839,2.8301766256645866,0.0005223020714311133,4.846217704222981,6.083163261413574,6.140347480773926,6.030837535858154,6.128265380859375,5.674075126647949,5.964302062988281,5.899683952331543,6.053168773651123,CRLM,CRLM-047_CT
0.0005297660827636719,0.0023199488033469606,4.379112003781922,0.0013643625662780323,2.575357043603385,0.0005955206548264869,1.1240987923045649,0.001160756590991241,2.191032454572026,0.00158890359216457,2.9991984233711904,6.172646522521973,6.208184719085693,6.088722229003906,6.150069713592529,5.685500144958496,5.968367576599121,5.927530288696289,6.123233795166016,CRLM,CRLM-048_CT
0.00012254714965820312,0.0009403215283327881,7.672514667281589,0.0006591180945179076,5.378046865124615,0.00012276930664256724,1.00173108615006,0.000495367716553119,4.041932420382155,0.0006565094699908514,5.356761901054128,6.063474655151367,6.199151039123535,6.108938217163086,6.174002647399902,5.708043098449707,5.915391445159912,5.865568161010742,6.066219329833984,CRLM,CRLM-049_CT
0.0009098052978515625,0.005079653726625111,5.583170274912065,0.0024166184800833435,2.6561638233495803,0.0008880700132749553,0.9760992317584057,0.0032289010076738123,3.5489631964845367,0.003196811480506767,3.513692821010722,6.117249011993408,6.200722694396973,5.956781387329102,6.082127094268799,5.486996650695801,5.871069431304932,6.001049518585205,6.182684898376465,CRLM,CRLM-050_CT
0.0010304450988769531,0.009715776186794756,9.42862643640033,0.003559020580382821,3.453833732553353,0.0012906020065770463,1.252458266239466,0.0036505702433942133,3.54267764541396,0.00557072895753663,5.406086071686111,5.941559791564941,6.030695915222168,5.996572971343994,6.133770942687988,5.27610445022583,5.660545349121094,6.0121564865112305,6.1670308113098145,CRLM,CRLM-051_CT
0.0015554428100585938,0.017404386984253506,11.18927354896603,0.008693092069961494,5.588785473751548,0.0023801772899787466,1.5302150438682134,0.005328979536443512,3.425998848684307,0.008567107554654285,5.507790078396248,5.787162780761719,5.928610801696777,5.901272773742676,6.091064929962158,5.164539337158203,5.484299659729004,5.975752830505371,6.140956878662109,CRLM,CRLM-052_CT
0.018375873565673828,0.09592520911905922,5.220168531011353,0.0770252482682281,4.191648689596148,0.023096768217016006,1.256906539186001,0.04385510520143043,2.3865576337973655,0.06075155834849966,3.30604828504593,5.857089042663574,5.958155632019043,5.809779644012451,6.072093963623047,5.494383811950684,5.9608354568481445,5.889019012451172,6.106618404388428,CRLM,CRLM-053_CT
0.007154941558837891,0.05017922741285474,7.013216930989938,0.036269338522401995,5.069124259492942,0.010430241889650915,1.4577655493372759,0.01599674485197511,2.235758651952817,0.03111328074908215,4.348496351544213,5.7838921546936035,5.9848785400390625,5.7815961837768555,6.120563507080078,5.287196159362793,5.696704864501953,5.898106575012207,6.116507053375244,CRLM,CRLM-054_CT
0.0013251304626464844,0.01109709181537255,8.374275881071627,0.004194075528630492,3.1650045009223833,0.0016532806850477755,1.2476267472400253,0.003901382353774352,2.9441274066771497,0.006322438805568709,4.771146141701798,5.879397392272949,6.019837856292725,5.961230278015137,6.121598720550537,5.2578630447387695,5.636410713195801,6.018057823181152,6.153048038482666,CRLM,CRLM-055_CT
0.0014739036560058594,0.008220354934110219,5.57722964341511,0.005927692575255605,4.021736654044571,0.0017082149162206406,1.1589653907201807,0.003442260680799336,2.3354561285004145,0.005174979598564278,3.511046646102657,6.107872009277344,6.213712692260742,6.007664680480957,6.108630180358887,5.675738334655762,6.007266998291016,5.972053527832031,6.181520462036133,CRLM,CRLM-056_CT
0.0013976097106933594,0.007183920385045894,5.140110954418317,0.0034996474578861125,2.5040055110198303,0.0013764952931580865,0.9848854324437132,0.003658784896913403,2.6178687012780317,0.004778227285783032,3.4188322110973615,6.043309211730957,6.132266044616699,6.010794639587402,6.084742546081543,5.617846488952637,5.9351396560668945,5.944310188293457,6.132277011871338,CRLM,CRLM-057_CT
0.002716064453125,0.01892274458839438,6.966946199366028,0.011073497264362686,4.0770227235936005,0.0033307756440592584,1.2263197130796653,0.007104085481273614,2.6155709660683106,0.011726641104928603,4.317496190664593,5.898641586303711,6.004132270812988,5.9602484703063965,6.152028560638428,5.220556259155273,5.609416484832764,5.957504749298096,6.139101982116699,CRLM,CRLM-058_CT
0.0014901161193847656,0.015374212434153378,10.317390074674345,0.0052997019773783904,3.556545924828497,0.0021929033885612625,1.4716226767883618,0.004846908902209179,3.2526836749968133,0.008680888784965646,5.825606753708713,5.909243583679199,6.015366554260254,5.965862274169922,6.1274213790893555,5.260842323303223,5.640142440795898,6.018104076385498,6.152334213256836,CRLM,CRLM-059_CT
0.0013742446899414062,0.007850001295764741,5.712188106921753,0.004333837921763006,3.153591509262222,0.0015806147901571421,1.1501614669581621,0.003133282632973078,2.279986858263275,0.005223268693043792,3.800801067862097,5.96315336227417,6.105515956878662,5.948294162750244,6.042746543884277,5.5693817138671875,5.9236321449279785,5.960126876831055,6.124382972717285,CRLM,CRLM-060_CT
0.03331470489501953,0.09445824759504262,2.835331110972944,0.06850083647353244,2.056173576432832,0.031370863648248815,0.9416518720662587,0.05645461975043986,1.6945851083624217,0.06965652217837714,2.090863523757504,5.9352617263793945,6.039669036865234,5.944769382476807,6.148435592651367,5.435027122497559,5.810515403747559,5.970733642578125,6.187594413757324,CRLM,CRLM-061_CT
0.0028162002563476562,0.01578530306051107,5.60515786239023,0.008164201552915529,2.8990028477148164,0.004450638278996166,1.5803643456537226,0.008509550965982271,3.0216319775137492,0.010442962875345074,3.7081616515694944,5.805098533630371,6.002251625061035,5.7616658210754395,5.942978858947754,5.521777629852295,5.915131568908691,6.081840515136719,6.21044397354126,CRLM,CRLM-062_CT
0.002788543701171875,0.025334948584713857,9.085336450241922,0.013024116728274748,4.670563354330036,0.004511075029199674,1.6177113703436725,0.011887357083651295,4.262911300096425,0.013651881996452175,4.895685527130083,5.7190961837768555,5.943413734436035,5.800907135009766,5.9846649169921875,5.471317768096924,5.81889533996582,5.950899124145508,6.159665107727051,CRLM,CRLM-063_CT
0.0005445480346679688,0.004284976420876774,7.868723162792806,0.0016948675632875165,3.112372704813586,0.0006855932950315946,1.258990321297194,0.0016312564056306655,2.995560255805031,0.0025893925032960396,4.755034979650717,5.949539661407471,6.053174018859863,5.867264747619629,5.992133140563965,5.517700672149658,5.904827117919922,5.994051456451416,6.158408164978027,CRLM,CRLM-064_CT
0.0006508827209472656,0.0061448922422187024,9.440714336574294,0.002839837755004737,4.362988959028191,0.0008273514234247159,1.2711025900253488,0.002051569627610661,3.1519320489941016,0.0034944401163556904,5.368688270580313,6.011619567871094,6.0850629806518555,6.0090131759643555,6.11544132232666,5.579616546630859,5.955458641052246,5.916635513305664,6.121890068054199,CRLM,CRLM-065_CT
0.036477088928222656,0.12341535758980626,3.3833654872788883,0.0861694176492449,2.3622881254565686,0.035821377128570475,0.9820237404037402,0.07114849862406913,1.9504977291113714,0.0859836422985154,2.357195194379592,5.972712516784668,6.087913513183594,5.9105916023254395,6.11037540435791,5.34731388092041,5.791647434234619,5.916211128234863,6.139874458312988,CRLM,CRLM-066_CT
0.009989261627197266,0.029284025520894374,2.9315476256711546,0.022178496035735407,2.2202315507520267,0.012082867526714836,1.209584439952303,0.014641144619588431,1.4656869055122852,0.02188540472565137,2.190890942044776,6.078197956085205,6.1863179206848145,5.991050720214844,6.150676727294922,5.652777671813965,6.048561096191406,6.034029960632324,6.185033321380615,CRLM,CRLM-067_CT
0.006160736083984375,0.03143217610431748,5.102008048348125,0.01872145145733839,3.038828609737241,0.007233647561065482,1.1741512249417725,0.014096918459529206,2.288183649732927,0.021385303559100066,3.471219762602101,6.023119926452637,6.1363844871521,5.997072696685791,6.090709686279297,5.649688720703125,5.971569538116455,6.046858787536621,6.196687698364258,CRLM,CRLM-068_CT
0.0031790733337402344,0.014874372509382283,4.6788243489932,0.008277027732958686,2.603589419979328,0.0031513380727687945,0.9912725593956679,0.007387742569960665,2.323859362714121,0.010211618631274177,3.2121267545572865,5.925145149230957,6.036282062530518,5.962200164794922,6.087270736694336,5.589260101318359,5.994833469390869,6.004714012145996,6.186016082763672,CRLM,CRLM-069_CT
0.0006346702575683594,0.0033571129602023575,5.289455470167628,0.001642917665378718,2.588575342918658,0.0005477849869066631,0.8630881146443458,0.0031645071965158422,4.985986500730256,0.0025362731738596267,3.9961431659727538,6.072455406188965,6.157306671142578,6.022623062133789,6.1206254959106445,5.62713623046875,6.032741546630859,6.034520149230957,6.166572570800781,CRLM,CRLM-070_CT
0.005991458892822266,0.040488971450372446,6.757770452397396,0.021494129593577327,3.5874557605276283,0.008092506709999725,1.3506715723241902,0.014198957939299817,2.369862581830319,0.025144978870912382,4.196797032700258,5.85568380355835,5.99599552154541,5.911961555480957,6.1636199951171875,5.1406097412109375,5.508479118347168,5.919277667999268,6.126173973083496,CRLM,CRLM-071_CT
0.005298614501953125,0.02481068317285917,4.682476209384853,0.016930290621246513,3.1952237066442133,0.005759733053679383,1.0870241987437097,0.01329531793771821,2.5092017622342224,0.017600983945669668,3.3218024676369824,5.94512939453125,6.073000907897949,5.872751235961914,6.0490641593933105,5.541341781616211,5.937486171722412,6.0139312744140625,6.156599044799805,CRLM,CRLM-072_CT
0.011682510375976562,0.03819311247951873,3.2692528025080465,0.029007820813262697,2.4830105045580013,0.009884073925690018,0.8460566391148957,0.017505928536252213,1.4984719027112214,0.027514932138501536,2.3552222682257904,6.082137584686279,6.163773536682129,6.049560070037842,6.1775922775268555,5.583110809326172,6.019538879394531,6.009259223937988,6.178890705108643,CRLM,CRLM-073_CT
0.0010819435119628906,0.005132001634706285,4.743273697033209,0.003197695215476415,2.9554830037707673,0.001132337393812577,1.04656751079654,0.003314719032459834,3.0636427497205854,0.003439797532337252,3.179247069586879,6.136727333068848,6.218587398529053,6.023843765258789,6.149653434753418,5.729607105255127,6.045301914215088,6.052587985992432,6.197686195373535,CRLM,CRLM-074_CT
0.0002722740173339844,0.002054598757013082,7.545792724561226,0.001229596405664779,4.515859644293967,0.0003182968040960077,1.1689882028792895,0.0007325446331378771,2.690369564510045,0.0013153963009244762,4.830971401861635,6.022422790527344,6.144869804382324,6.050662040710449,6.134126663208008,5.841185569763184,6.088635444641113,5.942342758178711,6.104839324951172,CRLM,CRLM-075_CT
0.0002460479736328125,0.0015655969209547038,6.362715655339882,0.0007416782337941186,3.014241818072153,0.0002480033128620107,1.0079060198719723,0.0011208689328441324,4.555304249220483,0.0011269800094169113,4.580140170944762,6.071082592010498,6.1848626136779785,6.007960796356201,6.16615104675293,5.6218743324279785,5.926401138305664,5.910018444061279,6.10919713973999,CRLM,CRLM-076_CT
0.004724979400634766,0.02262297024401505,4.787940950931198,0.013526907133154964,2.862843910578451,0.00444844645639364,0.9414722614607401,0.008457385850874743,1.7899269466590888,0.014670855623649004,3.1049499543169534,5.995616912841797,6.122762680053711,5.949816703796387,6.089183807373047,5.474299430847168,5.946115493774414,6.017901420593262,6.17702054977417,CRLM,CRLM-077_CT
0.0014653205871582031,0.011847758047451862,8.085382337120851,0.004223423915391322,2.882232823367212,0.0017613208862599095,1.2019955781280296,0.0046755019646980145,3.1907489038125347,0.006804725859296923,4.643816159255711,6.000774383544922,6.091526031494141,6.008050918579102,6.144731044769287,5.462822914123535,5.8040947914123535,5.995726585388184,6.157889366149902,DESMOID,Desmoid-001_MR
0.018095970153808594,0.08594310040643904,4.7492923663685005,0.061996513618453264,3.425982626611418,0.03404423875900875,1.8813149920394658,0.037130031023309584,2.0518386242535174,0.05040037094784111,2.7851694420229305,5.7109785079956055,5.917412281036377,6.002651691436768,6.194830894470215,5.577104091644287,5.850131988525391,5.907824993133545,6.189749717712402,DESMOID,Desmoid-002_MR
0.007333278656005859,0.047101975642817706,6.423035810030723,0.029860504449345626,4.071911777929306,0.012111018543748742,1.6515125903069408,0.01644585163330703,2.242629794729014,0.026628254529327933,3.631147739905175,5.836001396179199,6.031959533691406,5.956879138946533,6.17679500579834,5.482189178466797,5.722774505615234,5.9801788330078125,6.184449195861816,DESMOID,Desmoid-003_MR
0.039690494537353516,0.13449859329898572,3.3886843935784805,0.11932709047056278,3.006439244385561,0.043682924456277306,1.1005887923436812,0.07365828464054403,1.8558162839986767,0.09270242838897502,2.3356324004833686,5.780996322631836,5.997565746307373,5.952855587005615,6.1682562828063965,5.495932579040527,5.752701282501221,5.864999771118164,6.045284271240234,DESMOID,Desmoid-004_MR
0.01827526092529297,0.07906436543203199,4.326303328428742,0.058088724104152334,3.1785424326463776,0.03234654501125078,1.7699625435638917,0.033860916858373,1.852827079652729,0.05103906981042883,2.7927941544106343,5.846524715423584,6.050866603851318,6.02492618560791,6.202428340911865,5.420259952545166,5.761129856109619,5.916439533233643,6.169069766998291,DESMOID,Desmoid-005_MR
0.00103759765625,0.00617433529612299,5.950549091395056,0.004247017771888295,4.0930863860790785,0.0012922423801455807,1.245405594650151,0.0017067231976568564,1.644863727996279,0.0038112807983452512,3.673142517201093,5.821688652038574,6.015505790710449,5.974062919616699,6.196414947509766,5.238021373748779,5.5958967208862305,5.865624904632568,6.0940141677856445,DESMOID,Desmoid-006_MR
0.004130840301513672,0.027609687897211188,6.683778370543745,0.01815647827106659,4.395336781972828,0.006183413192218268,1.496886292382097,0.008834589581510954,2.138685485231379,0.01592272057723676,3.85458668676572,5.785794734954834,5.969357490539551,5.973642349243164,6.170862197875977,5.350350856781006,5.628081798553467,5.900035381317139,6.1538543701171875,DESMOID,Desmoid-007_MR
0.022910118103027344,0.07125145532842225,3.1100417687759276,0.06353210732038406,2.7731013565126648,0.025776171164238804,1.1250993904670807,0.044495601339804125,1.9421803815197556,0.050995816590841514,2.225907090589464,5.901252746582031,6.092150688171387,5.947869300842285,6.182918548583984,5.432348728179932,5.845941543579102,5.857863903045654,6.107125759124756,DESMOID,Desmoid-008_MR
0.0010404586791992188,0.012392578540811883,11.910573368099506,0.004219120064362869,4.055018809033302,0.0013761957058591179,1.3226690369173693,0.00441878419007935,4.246917065759444,0.006369215519725913,6.121487025085546,5.7442474365234375,5.866269111633301,5.851897239685059,6.027318000793457,5.235924243927002,5.588516712188721,5.948033809661865,6.132760047912598,DESMOID,Desmoid-009_MR
0.017015933990478516,0.09517160301572858,5.5930839375695545,0.07316857812446642,4.3000011145669506,0.024779048918503577,1.4562253456152066,0.04251473164072195,2.4985232476383086,0.05908513522609837,3.472339545731944,5.793257713317871,6.007901668548584,5.968785762786865,6.203005790710449,5.265361309051514,5.673437118530273,5.88409948348999,6.121264457702637,DESMOID,Desmoid-010_MR
0.018411636352539062,0.08724862128622135,4.738773470640191,0.06364249799941035,3.4566435168701637,0.02744560878699076,1.4906656505058204,0.03660151908860598,1.9879547101749777,0.05588083092271745,3.0350806143423013,5.799283504486084,6.008031845092773,5.930602550506592,6.17911434173584,5.202236652374268,5.535966873168945,5.930468559265137,6.150623321533203,DESMOID,Desmoid-011_MR
0.011350154876708984,0.07898861965986725,6.9592486556697715,0.0593734404604902,5.2310641391938715,0.017443632999743386,1.5368616393880281,0.02783475078047104,2.4523653253345348,0.044370199609488736,3.9092119005723216,5.742638111114502,5.8694024085998535,5.854638576507568,6.110284805297852,5.259453773498535,5.585817337036133,5.878495216369629,6.068007469177246,DESMOID,Desmoid-012_MR
0.02294778823852539,0.08702631757961399,3.79236023757224,0.06682728368417656,2.912143596067752,0.038647373731691914,1.684142998381851,0.045134982635374854,1.9668546047960718,0.06032252107348768,2.628684479725666,5.762018203735352,5.9611430168151855,5.9881591796875,6.189906120300293,5.4589362144470215,5.755398750305176,5.851099014282227,6.1484551429748535,DESMOID,Desmoid-013_MR
0.0017619132995605469,0.007469737485450878,4.2395361292480525,0.005316705666473354,3.017557953742611,0.0018240092000496588,1.0352375727732288,0.0038730929123858004,2.198218794967871,0.005001785184333585,2.838821182273436,5.882579803466797,6.041516304016113,6.013459205627441,6.2066755294799805,5.3629937171936035,5.742523193359375,5.924615859985352,6.099307060241699,DESMOID,Desmoid-014_MR
0.029243946075439453,0.0850013708254096,2.906630368549829,0.07080894039785335,2.4213187919989476,0.029053524188157098,0.9934881625867886,0.04619095269600848,1.5795042427519568,0.061871542520066214,2.1157035785602565,5.85716438293457,5.974959373474121,5.9234161376953125,6.131204605102539,5.562252044677734,5.913315773010254,5.936303615570068,6.1128411293029785,DESMOID,Desmoid-015_MR
0.00021123886108398438,0.0022910308271093527,10.845174811136745,0.0008090466458270384,3.8298272552834867,0.0002967884013855837,1.4049230839052531,0.000673798703473949,3.1895968575474245,0.001233390037668869,5.838564200251573,5.938775539398193,6.042940139770508,5.968783378601074,6.124950408935547,5.294188022613525,5.649514198303223,6.021867752075195,6.166296482086182,DESMOID,Desmoid-016_MR
0.015847206115722656,0.10317726636037605,6.510750254614736,0.07796795983693983,4.919978327271292,0.01996811886914429,1.2600395377540867,0.03762337550921302,2.3741315341743436,0.06154226650102146,3.8834749303357396,5.886002540588379,6.047469615936279,5.962491989135742,6.172970771789551,5.312784671783447,5.654011249542236,5.888574600219727,6.112118721008301,DESMOID,Desmoid-017_MR
0.0020818710327148438,0.0181058638909235,8.696877298177235,0.009216371202683149,4.426944219125089,0.0029957036140331184,1.438940826569047,0.006156026883388677,2.956954209511678,0.010218666515925179,4.908381581535276,5.84385871887207,5.969576835632324,5.9204816818237305,6.122841835021973,5.262300968170166,5.576485633850098,5.9686689376831055,6.165295600891113,DESMOID,Desmoid-018_MR
0.013643264770507812,0.05608192908198362,4.110591483740689,0.03813121450463086,2.7948725761250346,0.02493604005820771,1.8277166206540874,0.02349100278252081,1.7218009002721608,0.035706656161664796,2.6171616977802588,5.839704513549805,6.046561241149902,6.009917736053467,6.2009077072143555,5.617617607116699,5.915192604064941,5.991118431091309,6.201757431030273,DESMOID,Desmoid-019_MR
0.0033721923828125,0.016686532693427125,4.9482595642762535,0.011712181406323907,3.4731549523892036,0.003894896290205452,1.1550007526407748,0.006474480533825044,1.9199560995580485,0.010461695867434173,3.102333335850638,5.896251678466797,6.069464683532715,5.909680366516113,6.163557052612305,5.4482011795043945,5.800683498382568,5.950510025024414,6.145496845245361,DESMOID,Desmoid-020_MR
0.02815103530883789,0.12657343600488957,4.496225082098547,0.0889262371699715,3.1588964528451635,0.04799836126773016,1.705029448858913,0.05545552559567568,1.9699277588909165,0.08207537336761561,2.91553555000135,5.779416561126709,5.975714683532715,5.952872276306152,6.1531219482421875,5.424793720245361,5.739952087402344,5.880150318145752,6.145386219024658,DESMOID,Desmoid-021_MR
0.013954639434814453,0.06903074521534336,4.94679178705296,0.05115477657273004,3.6657872927361157,0.017545582971536078,1.2573288245968302,0.029384850324845502,2.105739055797084,0.043165550118374085,3.093273702074052,5.816023349761963,6.022064208984375,5.970152378082275,6.192004203796387,5.411730766296387,5.748310089111328,5.927918434143066,6.147753715515137,DESMOID,Desmoid-022_MR
0.0032558441162109375,0.023552302292841887,7.233832184180085,0.013807934968156133,4.2409562822259925,0.004901888010977018,1.5055613169430588,0.006984532097817464,2.1452226815204627,0.013682002273753824,4.202277431790008,5.883791923522949,6.045927047729492,5.951807975769043,6.1421661376953125,5.467170715332031,5.7448272705078125,5.968778133392334,6.1686272621154785,DESMOID,Desmoid-023_MR
0.04624366760253906,0.18834502928967822,4.072881722524095,0.1589877789023717,3.4380435801161777,0.06899244410050187,1.4919324689849875,0.09980154894120119,2.1581663508466606,0.12683359387091286,2.7427229071406924,5.799600601196289,6.019503593444824,5.908877372741699,6.179749488830566,5.181917190551758,5.611970901489258,5.773859977722168,6.098934173583984,DESMOID,Desmoid-024_MR
0.025324344635009766,0.11147790237578192,4.402003683113361,0.09151682640793979,3.6137871123247476,0.02706253353142074,1.0686366512182712,0.06069916056389957,2.3968689997724857,0.07019010006121107,2.77164417703172,5.754382133483887,5.952243804931641,5.952669143676758,6.188310146331787,5.427892684936523,5.674659729003906,5.871859550476074,6.120368003845215,DESMOID,Desmoid-025_MR
0.002105236053466797,0.017861678726603714,8.484366327247184,0.009669818807878983,4.593201251680433,0.002812018779650316,1.3357197725271337,0.00569888858098011,2.7069940692184233,0.009908244107009523,4.706454188902624,5.8560638427734375,5.998512268066406,5.8216023445129395,6.084199905395508,5.22238826751709,5.589085102081299,5.968774318695068,6.1518073081970215,DESMOID,Desmoid-026_MR
0.029401779174804688,0.10145956170691761,3.450795497637997,0.09296408584208393,3.1618513175976295,0.03326228075914628,1.1313012470564126,0.05006686947393746,1.7028511148172343,0.06937222781454011,2.3594559977998664,5.89293098449707,6.138059616088867,5.868319511413574,6.139707565307617,5.498292922973633,5.774811267852783,5.839098930358887,6.0452656745910645,DESMOID,Desmoid-027_MR
0.016330242156982422,0.080222597418242,4.91251431068324,0.06249923747355979,3.8272059042784967,0.019031095590520408,1.1653889607811823,0.041291959870704886,2.528556171317259,0.049814771538081004,3.0504594209086604,5.879505634307861,6.071755409240723,5.963634490966797,6.189362525939941,5.484658718109131,5.844535827636719,5.923611640930176,6.157981872558594,DESMOID,Desmoid-028_MR
0.005019664764404297,0.027173499780928978,5.413398488209376,0.013569926112552366,2.7033476767817564,0.005377840799127398,1.0713524384613404,0.01343517413090467,2.676502913331492,0.016555267986746003,3.298075824382753,5.946915626525879,6.0589399337768555,6.01959228515625,6.183366775512695,5.656044006347656,6.015800476074219,6.044144630432129,6.167564868927002,DESMOID,Desmoid-029_MR
0.00173187255859375,0.014176406665001196,8.185547336715558,0.006366645647858604,3.676141673848935,0.0020375033613504456,1.1764673945356046,0.005131149854150863,2.962758547737349,0.00823519036464404,4.755051272836209,5.903692722320557,6.028779029846191,5.964019775390625,6.150790691375732,5.305891513824463,5.661932468414307,6.026870250701904,6.179709434509277,DESMOID,Desmoid-030_MR
0.003994464874267578,0.03718889785432111,9.310084310178574,0.022592828828578604,5.656019762227493,0.006471760811564309,1.6201781248532607,0.014979396056332916,3.750028859320218,0.01982655070207784,4.96349365715142,5.77544641494751,5.940623760223389,5.941948890686035,6.147711753845215,5.175750732421875,5.473867893218994,5.9611382484436035,6.1295294761657715,DESMOID,Desmoid-031_MR
0.015665054321289062,0.07053729032622869,4.502840772276142,0.052542984312140106,3.3541505629653483,0.01975928413702377,1.2613599109306304,0.03393093532156399,2.1660259176498453,0.0447271620292895,2.855217260008604,5.883789539337158,6.1026387214660645,5.978076457977295,6.200621128082275,5.365952968597412,5.645345687866211,5.929722785949707,6.169670104980469,DESMOID,Desmoid-032_MR
0.0008363723754882812,0.007490303549047894,8.955597067280433,0.002336918974492619,2.7940796494286744,0.0010251687136815235,1.2257177383526625,0.002765812928487321,3.306876148451401,0.004116962860166495,4.922345306192047,5.953454971313477,6.056067943572998,6.009852886199951,6.151708126068115,5.415178298950195,5.7727370262146,6.009066104888916,6.163764953613281,DESMOID,Desmoid-033_MR
0.0014972686767578125,0.003959252877734798,2.6442992471569235,0.002784588940244248,1.8597666442922705,0.0014932007657648683,0.9972764515676037,0.0034089975671918182,2.276795642728057,0.0030976178491641804,2.0688318729494775,5.9590253829956055,6.064387798309326,6.041755676269531,6.202274799346924,5.543834209442139,5.889459609985352,6.030432224273682,6.175601959228516,DESMOID,Desmoid-034_MR
0.010406017303466797,0.05818162484848699,5.591146664501219,0.035054934124616466,3.3687144096708086,0.012964150002090946,1.2458308655188617,0.01784132215664158,1.7145180995919256,0.03631263155426723,3.4895768092180166,5.836017608642578,5.989682197570801,5.947385787963867,6.16779088973999,5.427968978881836,5.802780628204346,5.9106292724609375,6.110096454620361,DESMOID,Desmoid-035_MR
0.0009069442749023438,0.0036642171532434986,4.040134386750691,0.002303358517650622,2.5396633340734143,0.0008485378127147669,0.935590510123714,0.00251270443766316,2.770486348866612,0.0025736758625498624,2.8377129186881915,6.041407585144043,6.1073689460754395,6.0838303565979,6.193791389465332,5.806391716003418,6.099443435668945,5.980501174926758,6.1115803718566895,DESMOID,Desmoid-036_MR
0.011122703552246094,0.052643810086578924,4.733000615299327,0.04243588105663321,3.815245340743654,0.011234418053788886,1.0100429181258772,0.02679691102156312,2.4092062513065273,0.033078854647953904,2.973991417883277,5.9412641525268555,6.07820987701416,6.017529010772705,6.199772357940674,5.5166425704956055,5.80715274810791,5.947683334350586,6.158433437347412,DESMOID,Desmoid-037_MR
0.002090930938720703,0.01851644000282704,8.85555381308662,0.010680471500108979,5.107973784588863,0.0028993649223139073,1.386631668366406,0.007761357220374521,3.711896915234315,0.01013454325186558,4.8468816427049255,5.772302150726318,5.927742004394531,5.9290361404418945,6.14366340637207,5.212635040283203,5.500487327575684,5.958402156829834,6.151360511779785,DESMOID,Desmoid-038_MR
0.027028560638427734,0.10773817904555472,3.98608496493627,0.09499169445234656,3.514491969371573,0.03255371736804591,1.204418753900468,0.044598698795823566,1.6500576146788757,0.07102003155688408,2.6275910963605194,5.844010353088379,6.096628665924072,5.978960990905762,6.175018787384033,5.540164947509766,5.849092960357666,5.868199348449707,6.090030670166016,DESMOID,Desmoid-039_MR
0.015417098999023438,0.07193208972915954,4.6657314113635655,0.05981890965529146,3.8800341658789956,0.018946514589060826,1.228927848292501,0.032783251236423894,2.1264201503991753,0.04439847242718997,2.87981828694357,5.7916765213012695,6.077070713043213,5.970989227294922,6.190576076507568,5.510274410247803,5.828738689422607,5.887127876281738,6.13955020904541,DESMOID,Desmoid-040_MR
0.01052999496459961,0.028895388224725593,2.744100152076643,0.026517817933779497,2.5183101074433165,0.011187616868539862,1.0624512434847895,0.02114891712443523,2.0084432244367316,0.0216167203744817,2.052868963229748,5.868477821350098,6.065592288970947,5.932147979736328,6.151663780212402,5.347157001495361,5.7031049728393555,5.889728546142578,6.101649284362793,DESMOID,Desmoid-041_MR
0.015442371368408203,0.08484901008063161,5.494554761755494,0.07439235967962077,4.817415002572826,0.02132749951834967,1.3811017232083878,0.042075874884062614,2.7247011895549234,0.04812318635157453,3.116306041374178,5.727914810180664,5.938179016113281,5.929910182952881,6.188876152038574,5.426335334777832,5.635631561279297,5.8545989990234375,6.094550132751465,DESMOID,Desmoid-042_MR
0.0021982192993164062,0.016733948210685412,7.612467096080126,0.01185755167290381,5.394137761966511,0.002286188453098248,1.0400136390726822,0.004660089444712412,2.1199287290737057,0.009087327341035234,4.133930588524666,5.970833778381348,6.085232257843018,6.024099349975586,6.182135581970215,5.231733322143555,5.621278762817383,5.986950874328613,6.143691062927246,DESMOID,Desmoid-043_MR
0.016259193420410156,0.0522771722785933,3.2152357607488833,0.05050349034320334,3.1061478866674594,0.016936510138862104,1.0416568205058387,0.029609766286284867,1.8211080531236705,0.03570158018180791,2.195776709269272,5.908024787902832,6.109881401062012,5.977907180786133,6.178197860717773,5.4841628074646,5.792337417602539,5.867498874664307,6.086121559143066,DESMOID,Desmoid-044_MR
0.016529560089111328,0.06389241501398146,3.865340397211533,0.056361451541704355,3.4097348713764695,0.016995563562716143,1.0281915059552444,0.035907020640081555,2.1722900502859965,0.0419382077644741,2.5371626447865347,5.846731662750244,6.011227607727051,5.957849979400635,6.168030738830566,5.536962985992432,5.792218208312988,5.894644260406494,6.076274871826172,DESMOID,Desmoid-045_MR
0.019143104553222656,0.06556698704406472,3.425095057639239,0.057285251540065474,2.9924729009377296,0.020264561549339533,1.0585822642913707,0.03932987254609088,2.0545179540530865,0.044731231292473694,2.3366746914724694,5.879627227783203,6.082436561584473,5.911698341369629,6.1694135665893555,5.448744773864746,5.804378509521484,5.901774883270264,6.082531929016113,DESMOID,Desmoid-046_MR
0.024105548858642578,0.08640927184234215,3.5846201429742743,0.07206780491020481,2.9896757562360476,0.024724487522036043,1.025675764956246,0.046499078987039866,1.9289774304638667,0.058970395721757995,2.4463401187902893,5.815148830413818,5.971928119659424,5.90425968170166,6.161947250366211,5.445707321166992,5.8731560707092285,5.920319557189941,6.07389497756958,DESMOID,Desmoid-047_MR
0.012985706329345703,0.06398934438675496,4.927671509514572,0.04509991943530167,3.4730405540572957,0.01549893036872163,1.1935368042574943,0.022557735651076882,1.7371190836888915,0.039473945617316986,3.0397973139234526,5.788970947265625,5.963145732879639,5.887053966522217,6.119199752807617,5.434884071350098,5.799476146697998,5.929290771484375,6.109770774841309,DESMOID,Desmoid-048_MR
0.01107931137084961,0.0496122927407896,4.477918013220797,0.03962701503473909,3.5766644642153134,0.014010675950373752,1.2645788926419916,0.02064461717714039,1.8633467236953407,0.030375984685917956,2.7416827862615376,5.865765571594238,6.093775749206543,5.925546169281006,6.159026145935059,5.411492347717285,5.690022945404053,5.883467674255371,6.149717330932617,DESMOID,Desmoid-049_MR
0.02436351776123047,0.10650291052922967,4.371407604554998,0.09023476646370909,3.7036822970809307,0.02753282269921442,1.1300835810414627,0.0474804681419414,1.9488338719771434,0.06777343859482698,2.781758013824026,5.8618574142456055,6.052886009216309,5.94032096862793,6.162849426269531,5.463972091674805,5.7173051834106445,5.881497383117676,6.0807037353515625,DESMOID,Desmoid-050_MR
0.02074432373046875,0.0828323075115236,3.993008818107356,0.06522692530842278,3.1443249108848996,0.024104305651036384,1.1619705874492652,0.033269462081563006,1.6037855210889547,0.05507451161611243,2.6549183180185913,5.83107852935791,6.0017571449279785,5.940079689025879,6.169778823852539,5.414010047912598,5.7410688400268555,5.900870323181152,6.110896110534668,DESMOID,Desmoid-051_MR
0.037568092346191406,0.10551390438575936,2.808603517245693,0.08455813156496106,2.250795922182996,0.05951672451408285,1.5842355827726966,0.055471378504876157,1.4765552434271345,0.07575904633137043,2.016579001868343,5.908939361572266,6.14402961730957,6.022068500518799,6.195263862609863,5.5679779052734375,5.996196746826172,5.947038173675537,6.158743858337402,DESMOID,Desmoid-052_MR
0.003024578094482422,0.021240570948066306,7.0226325980764885,0.011787393184647499,3.897189573069651,0.003394494060245279,1.1222996170743562,0.0074439675096869,2.4611508334858856,0.012824300146689893,4.240015415680737,5.943222999572754,6.081439018249512,6.016419887542725,6.196099758148193,5.4737443923950195,5.851512908935547,6.035927772521973,6.17363977432251,DESMOID,Desmoid-053_MR
0.02327442169189453,0.08538538651254157,3.668634647791532,0.06971176271991908,2.9952079450428273,0.04268239629567461,1.8338749087711999,0.041104959137953756,1.766099369561355,0.05418620882971936,2.328143154987971,5.797765731811523,6.054660320281982,5.926750183105469,6.168415069580078,5.441591262817383,5.786980628967285,5.846012115478516,6.149534225463867,DESMOID,Desmoid-054_MR
0.0008921623229980469,0.00849457966069167,9.521231988173058,0.00309654281869598,3.470790046804398,0.0011594536443340075,1.2995848609580167,0.0028971265469408536,3.24727238478479,0.004530710582230313,5.07829089228565,5.755434989929199,5.8831682205200195,5.897933483123779,6.092855453491211,5.303988456726074,5.660250663757324,5.9967360496521,6.148750305175781,DESMOID,Desmoid-055_MR
0.0008406639099121094,0.00663443556322818,7.8918061866839615,0.0032825940479597193,3.904717404995841,0.0009607438844341232,1.1428258604273407,0.002925288283563532,3.4796943845555575,0.0037111004947973925,4.414435194242414,6.002191543579102,6.083283424377441,6.067728042602539,6.19151496887207,5.7170329093933105,6.056138038635254,5.9386138916015625,6.138260841369629,DESMOID,Desmoid-056_MR
0.0183868408203125,0.08040953315656907,4.3732085468240305,0.061236227550921285,3.330435872317613,0.023751781249046644,1.2917808210423585,0.02927095801669566,1.5919505902750437,0.05186563669599309,2.8208004297666665,5.870146751403809,6.077090740203857,5.923993110656738,6.149791717529297,5.503156661987305,5.897439956665039,5.933112144470215,6.09165096282959,DESMOID,Desmoid-057_MR
0.041398048400878906,0.15358357622920948,3.709922207992943,0.13617578609159864,3.289424464619518,0.0452779117706541,1.0937206603315681,0.0679691679285952,1.6418443413556847,0.1025622162225659,2.4774644073739562,5.708745002746582,5.912808418273926,5.889533519744873,6.119935512542725,5.427762031555176,5.673532485961914,5.788088798522949,6.085603713989258,DESMOID,Desmoid-058_MR
0.004517555236816406,0.03742087939588146,8.283417600904972,0.01991998403616435,4.409451328743235,0.006537839918252075,1.4472043181515595,0.012367375002440895,2.7376195703056108,0.021377207438604273,4.73201964287938,5.8479228019714355,5.967714309692383,5.894728660583496,6.078732490539551,5.461077690124512,5.78870964050293,5.922153949737549,6.115576267242432,DESMOID,Desmoid-059_MR
0.029023170471191406,0.08646643744191351,2.979219921391477,0.07819131673124957,2.6940988362341187,0.029806049167717674,1.0269739113293717,0.0513091893536739,1.767869286572632,0.06146784294645613,2.1178879071323524,5.91935920715332,6.094908237457275,5.971198558807373,6.177959442138672,5.40722131729126,5.732578277587891,5.874432563781738,6.095332145690918,DESMOID,Desmoid-060_MR
0.01584005355834961,0.073865863065123,4.663230219564797,0.0495913603133431,3.1307551343253617,0.026768399852301172,1.6899174522687455,0.03182382113885751,2.0090715559081547,0.04737052301294398,2.9905513218710564,5.763336181640625,5.991644859313965,5.991837501525879,6.18226432800293,5.418791770935059,5.773369789123535,5.971032619476318,6.188977241516113,DESMOID,Desmoid-061_MR
0.040671348571777344,0.14397157305563724,3.539876171128002,0.13216727738546297,3.249640091373206,0.050321007409962704,1.2372590731424802,0.06828079444056812,1.6788422329208716,0.0963082059389535,2.3679613693992425,5.857783317565918,6.126932621002197,5.93841552734375,6.1526384353637695,5.509491920471191,5.76783561706543,5.834716796875,6.0822038650512695,DESMOID,Desmoid-062_MR
0.018779754638671875,0.0607934725773589,3.237179684998346,0.04391819455653945,2.338591318982866,0.018082981304360146,0.9628971210386262,0.038672480946104315,2.0592633448913804,0.04434733590420592,2.3614425823465597,5.812298774719238,6.003884315490723,5.905699729919434,6.089818000793457,5.556062698364258,5.919493675231934,5.941524505615234,6.133059501647949,DESMOID,Desmoid-063_MR
0.016710758209228516,0.05596672898644783,3.349141600536367,0.04833044788904317,2.8921739134860776,0.018102757315205054,1.0832989296810311,0.03161930737178409,1.8921516339579372,0.03873169051360037,2.317768401108622,5.860148906707764,6.075047492980957,5.9691972732543945,6.176427841186523,5.528670787811279,5.7498955726623535,5.913036346435547,6.069764614105225,DESMOID,Desmoid-064_MR
0.021655559539794922,0.07572214015749523,3.49665890884772,0.06452254011310288,2.9794894100815186,0.030043381970301652,1.3873281843311964,0.043194713901812065,1.994623776688771,0.052689877107582106,2.4330866482526634,5.827752113342285,6.027696132659912,5.91840934753418,6.161270618438721,5.483757972717285,5.858406066894531,5.889406204223633,6.081933975219727,DESMOID,Desmoid-065_MR
0.02647542953491211,0.08056518538325008,3.0430159724831753,0.07314085076444599,2.7625925026852927,0.04353932886868961,1.6445176976675315,0.03765727631395066,1.4223475407950643,0.056312859826505246,2.126984889230931,5.905725479125977,6.112875461578369,6.066740989685059,6.200445175170898,5.67552375793457,6.057561874389648,5.878538131713867,6.166592121124268,DESMOID,Desmoid-066_MR
0.009988784790039062,0.06507628114093222,6.514928227960696,0.04024401420218737,4.0289159050818775,0.017175384464053423,1.7194651432003496,0.02462503216713685,2.4652655985778393,0.03869228352743903,3.8735687678781234,5.783703804016113,5.969537258148193,5.9764580726623535,6.179155349731445,5.431134223937988,5.726893424987793,5.984902858734131,6.174631595611572,DESMOID,Desmoid-067_MR
0.02774190902709961,0.12738811602338274,4.591899929451313,0.09969144115552808,3.593530824531093,0.04469903092996219,1.611245093978469,0.06044100614508352,2.178688723229345,0.08361477219852986,3.0140226462650626,5.759359359741211,5.962639808654785,5.9305315017700195,6.156783103942871,5.308059215545654,5.59431791305542,5.847977638244629,6.1334123611450195,DESMOID,Desmoid-068_MR
0.015010833740234375,0.04723108554946975,3.146464407118817,0.03771535099778589,2.5125403775069217,0.015256940527024199,1.0163946005333595,0.02578599401908832,1.7178244251502486,0.034445146164671314,2.294684213675886,5.817110061645508,5.9736151695251465,5.964078903198242,6.152354717254639,5.560179710388184,5.851951599121094,5.963555812835693,6.113077640533447,DESMOID,Desmoid-069_MR
0.0046482086181640625,0.0426267765335524,9.17056189374952,0.020753628833858784,4.464856440434805,0.006737711383948408,1.4495254929746928,0.011822737110264825,2.5434985058715953,0.023006988331985667,4.94963559632935,5.799415111541748,5.945428848266602,5.826291084289551,6.06250524520874,5.416813373565674,5.7640862464904785,5.930455684661865,6.132442474365234,DESMOID,Desmoid-070_MR
0.004472255706787109,0.03597187513832978,8.043322444759681,0.02070963023402328,4.630679747536992,0.00587608806102935,1.3138951140831816,0.010549850399684146,2.358949823503039,0.021178924807031763,4.735614159706708,5.835172653198242,5.996092796325684,5.9072265625,6.146788597106934,5.158308982849121,5.487314701080322,5.916229248046875,6.136164665222168,DESMOID,Desmoid-071_MR
0.007577419281005859,0.04269337788366556,5.634282591153165,0.03103203641313712,4.095325111238491,0.009562566055791422,1.261980244376764,0.01818153574339476,2.3994332469680626,0.025219611758870997,3.3282543226220964,5.832431793212891,6.037154197692871,5.969203948974609,6.190844535827637,5.404984474182129,5.685461044311523,5.929057598114014,6.165328025817871,DESMOID,Desmoid-072_MR
0.0002818107604980469,0.0014227758761080622,5.048513365706863,0.0008113195822261332,2.8788495950132673,0.0002800352739029677,0.9936644603757232,0.0007015254568614182,2.489261102062352,0.0009438354455824083,3.349062872140498,6.0741658210754395,6.122649192810059,6.110963344573975,6.196526527404785,5.820300102233887,6.077113628387451,5.924461364746094,6.057220458984375,DESMOID,Desmoid-073_MR
0.03212594985961914,0.0968734717637858,3.0154265331555528,0.07712787216098604,2.400795882769319,0.05351808213976028,1.6658827432275434,0.05046220932382539,1.5707611397240795,0.06733801040365961,2.0960622094376826,5.822365760803223,6.074633598327637,6.0118303298950195,6.181650161743164,5.640189170837402,6.02262544631958,5.936895847320557,6.1798014640808105,DESMOID,Desmoid-074_MR
0.009127616882324219,0.03448134498904665,3.777690021030578,0.02675859219158383,2.9316045163285795,0.009029312961558844,0.9892289724335949,0.01819472880220019,1.9933690363082812,0.02301725261241927,2.5217126980718847,5.916881561279297,6.0683722496032715,5.974726676940918,6.178143501281738,5.513049602508545,5.834555625915527,5.959837913513184,6.121669292449951,DESMOID,Desmoid-075_MR
0.008925437927246094,0.04495376513307292,5.036583653784556,0.03359085512454385,3.763492364568436,0.011204443489248206,1.2553368279753423,0.01961972960447156,2.198178709281332,0.027470075835992702,3.0777251808434976,5.826754570007324,6.023899078369141,5.949995994567871,6.185220718383789,5.308884620666504,5.759676456451416,5.889867782592773,6.127632141113281,DESMOID,Desmoid-076_MR
0.0010132789611816406,0.010337360504763637,10.201789322474005,0.003938201618666426,3.886553361909634,0.0014306683382869778,1.4119055798442854,0.003354744170792401,3.3107477721658856,0.005495280773857303,5.423211921157234,5.826920509338379,5.951775074005127,5.949604034423828,6.126533508300781,5.248532295227051,5.603658676147461,6.028444290161133,6.170424461364746,DESMOID,Desmoid-077_MR
0.0025429725646972656,0.012601311299135887,4.955327446626058,0.009801687096853584,3.8544059377066335,0.003022793969023496,1.188680571777082,0.005962960823239882,2.3448689369798155,0.007831893639718146,3.0798062670360893,5.913290500640869,6.114914894104004,5.9764204025268555,6.201132297515869,5.5133843421936035,5.814158916473389,5.9635820388793945,6.174740791320801,DESMOID,Desmoid-078_MR
0.0009360313415527344,0.011063509824452922,11.81946708261884,0.003461038537011518,3.6975274310750423,0.0014219744124943645,1.5191363344438924,0.0030721804997710933,3.2820991588628607,0.006139550873285771,6.55905952091955,5.892032146453857,6.005143165588379,5.935406684875488,6.095087051391602,5.250467300415039,5.613176345825195,6.033661842346191,6.174565315246582,DESMOID,Desmoid-079_MR
0.03202676773071289,0.075643773894285,2.361891493746637,0.0718513913693073,2.2434786282106542,0.04771148740218223,1.4897373630075836,0.048631619776330126,1.5184674582386601,0.05861491479191727,1.8301845813138737,5.8517069816589355,6.0575032234191895,5.966881275177002,6.174829006195068,5.469188213348389,5.833431243896484,5.811070442199707,6.142695903778076,DESMOID,Desmoid-080_MR
0.02386617660522461,0.10668221409434864,4.470015082803155,0.08023174195312777,3.3617327845565415,0.04575705003060193,1.917233397504113,0.04244814995621482,1.7785895442098982,0.061460234413857506,2.5752012850013952,5.805433750152588,6.05741024017334,5.949679374694824,6.187517166137695,5.538967132568359,5.783139705657959,5.925138473510742,6.192251205444336,DESMOID,Desmoid-081_MR
0.019906997680664062,0.07382675448201326,3.7085812024738476,0.058016716166378046,2.914386586725962,0.027811502049871706,1.3970709458702515,0.03540426530719287,1.7784825261097124,0.04939629992850314,2.4813523318465593,5.868838310241699,6.125520706176758,5.984550952911377,6.172264099121094,5.517779350280762,5.879518508911133,5.948551177978516,6.168225288391113,DESMOID,Desmoid-082_MR
0.009192943572998047,0.06520640874884975,7.093085832650882,0.04844975103674187,5.270313904233199,0.013851872195914439,1.5067923585082357,0.020584097106620902,2.2391168347767394,0.03796822576089198,4.130144404559373,5.78920841217041,5.985964775085449,6.002060890197754,6.183096408843994,5.312472343444824,5.589564323425293,5.871705055236816,6.1372904777526855,DESMOID,Desmoid-083_MR
0.0009555816650390625,0.010949709864917168,11.458565688169294,0.004729738996275046,4.9495398184345865,0.0013154483395965144,1.3765799637261817,0.003150995843839155,3.297429183531387,0.006355686308552322,6.651048288802849,5.876652717590332,5.974729061126709,6.017735481262207,6.162135601043701,5.29289436340332,5.674098491668701,5.971829414367676,6.146834850311279,DESMOID,Desmoid-084_MR
0.0019259452819824219,0.01857142390485933,9.64270774020434,0.010374031078868029,5.386434034018611,0.0029984161392917486,1.5568461881448372,0.005205849961214426,2.702996279257298,0.009987501828504719,5.185739213126691,5.810713291168213,5.94539213180542,5.959062576293945,6.132667541503906,5.256319046020508,5.578141689300537,5.941200256347656,6.160093784332275,DESMOID,Desmoid-085_MR
0.004025459289550781,0.027880928126137405,6.926131121782513,0.01663905891973627,4.133445748282703,0.005899892405125229,1.4656408932096516,0.008177599853922857,2.031464971090471,0.01604808754422038,3.9866376787118036,5.829900741577148,6.012931823730469,5.95058536529541,6.152349948883057,5.421224594116211,5.742015838623047,5.946333408355713,6.129795074462891,DESMOID,Desmoid-086_MR
0.0016279220581054688,0.009852231356148877,6.051991732145483,0.005906981601356165,3.6285185072345754,0.0016871227416288548,1.0363594311130344,0.004216966527906152,2.5903823853765204,0.005981405176044063,3.674235141609667,6.020536422729492,6.104800224304199,6.089522361755371,6.202472686767578,5.782131195068359,6.080913543701172,5.9575324058532715,6.141125679016113,DESMOID,Desmoid-087_MR
0.0009799003601074219,0.008021114357461556,8.185559296038312,0.0035738674920366975,3.6471371643064527,0.0011457944163453249,1.16928492951102,0.0030384166807380097,3.10070880402257,0.004534413354690514,4.62737566545723,6.006009578704834,6.080000877380371,6.045985221862793,6.175864219665527,5.56896448135376,5.9359211921691895,5.9526519775390625,6.138186454772949,DESMOID,Desmoid-088_MR
0.05304527282714844,0.15005343967635554,2.8287800852210476,0.13726134482936914,2.587625845575078,0.08023013014522462,1.512483784970283,0.08535037226161535,1.609009655764023,0.11090042073885797,2.0906745110632046,5.837826728820801,6.051780700683594,5.976398944854736,6.179810047149658,5.48076057434082,5.893233299255371,5.83758544921875,6.130060195922852,DESMOID,Desmoid-089_MR
0.020476341247558594,0.0887672323082711,4.335109865770391,0.06628792915137183,3.2372920521802127,0.03646648374524375,1.780907316169997,0.03906203422258159,1.907665762826713,0.0553173180398403,2.701522227815652,5.80458927154541,6.039896488189697,5.9830121994018555,6.200331211090088,5.302260398864746,5.753976821899414,5.9313507080078125,6.158076286315918,DESMOID,Desmoid-090_MR
0.0010800361633300781,0.010886336282510456,10.0795101655145,0.004009743336268912,3.712566622065278,0.0012686878883414465,1.1746607982289705,0.005431628986912074,5.029071137260351,0.006275555078900652,5.810450786243615,5.882513046264648,5.964168071746826,6.04063606262207,6.152519226074219,5.305708408355713,5.662949562072754,5.997979640960693,6.145722389221191,DESMOID,Desmoid-091_MR
0.03978872299194336,0.1390663300429651,3.495118330888395,0.10513544498655847,2.6423421174996164,0.0534751393253714,1.3439769327713786,0.06423327908396459,1.6143584943247853,0.09557916170109593,2.402166505790705,5.863210678100586,6.112451553344727,6.002060413360596,6.178769111633301,5.570018291473389,5.8724284172058105,5.990574836730957,6.178327560424805,DESMOID,Desmoid-092_MR
0.0019860267639160156,0.011040306344966666,5.558963733983291,0.007816258260675113,3.935606028391548,0.002528456243283017,1.2731165350119062,0.0032884841219242844,1.655802239753174,0.006847446850883898,3.4477946104996975,5.863638877868652,6.037849426269531,5.876325607299805,6.135411739349365,5.449911594390869,5.811080455780029,5.9221086502075195,6.101605415344238,DESMOID,Desmoid-093_MR
0.0009388923645019531,0.008468685469551929,9.019772225245378,0.002876547297773868,3.063734214046581,0.0011317821857801391,1.2054311806750004,0.003033721047927429,3.231135805624141,0.0045690291134405925,4.866351695539997,5.918243885040283,6.0224609375,6.002630710601807,6.150262832641602,5.312938690185547,5.679813861846924,6.018857955932617,6.163330078125,DESMOID,Desmoid-094_MR
0.00013065338134765625,0.0013112995839037467,10.035708324544043,0.0005103734365548007,3.9060173653156074,0.00016612451628361669,1.271393060321996,0.0006964515630443202,5.330120465742965,0.0008576192506097868,6.563577658593712,5.992313385009766,6.056096076965332,6.1310553550720215,6.190120697021484,5.670008659362793,5.87210750579834,5.917896747589111,6.104844093322754,DESMOID,Desmoid-095_MR
0.004004955291748047,0.03819320455613706,9.536463308391589,0.012061583077525029,3.0116573300590357,0.004743484185610214,1.184400822494975,0.018605939710027997,4.645718091081649,0.021764620894487052,5.434409366625859,5.854897975921631,5.965705871582031,5.9648637771606445,6.1397905349731445,5.197315216064453,5.577705383300781,6.040695667266846,6.166531562805176,DESMOID,Desmoid-096_MR
0.001926422119140625,0.0174232033438102,9.044286155061947,0.009472245492929687,4.916988976053423,0.003251878562366528,1.6880317401566065,0.004820263241356315,2.502171342277359,0.009600826757150571,4.983734781910441,5.804098606109619,5.969654083251953,5.993829727172852,6.164081573486328,5.379993915557861,5.624228477478027,6.003561019897461,6.1807379722595215,DESMOID,Desmoid-097_MR
0.009449958801269531,0.05872273730426514,6.214066791032812,0.038037809328670846,4.02517829726176,0.011057071969872823,1.1700643888250075,0.02560971425873504,2.710031619923927,0.03406562259999646,3.604839689568076,5.8672332763671875,6.037598609924316,5.937520980834961,6.1706438064575195,5.333415508270264,5.628809928894043,5.947858810424805,6.152929782867432,DESMOID,Desmoid-098_MR
0.034813880920410156,0.1406830187308401,4.041002456532734,0.11160827608074442,3.205854707131067,0.043215900199982116,1.2413407136473262,0.07045491080236843,2.023758590024857,0.09233755447121439,2.652319290662226,5.709266662597656,5.90684700012207,5.971231937408447,6.189899444580078,5.462789058685303,5.844699859619141,5.898341178894043,6.15294075012207,DESMOID,Desmoid-099_MR
0.0004973411560058594,0.0027332945853686397,5.495703694185116,0.0015275539790877701,3.071379166694394,0.0005299985029125764,1.065642447016515,0.001340347096061123,2.6949713092560543,0.001768605939673762,3.556050726567378,6.0973968505859375,6.144853591918945,6.1065897941589355,6.188660144805908,5.886013984680176,6.125308990478516,5.95255184173584,6.100689888000488,DESMOID,Desmoid-100_MR
0.00044918060302734375,0.003773448762103726,8.400551428886466,0.001685653431877654,3.752646249759242,0.0005244369486376854,1.1675154046037806,0.001528510884327261,3.4028113545247414,0.0020548136961906494,4.574480593187222,5.964416027069092,6.054854869842529,6.021477699279785,6.1680006980896,5.638301849365234,5.98836612701416,5.975491046905518,6.160070419311523,DESMOID,Desmoid-101_MR
0.01637411117553711,0.07112365867897097,4.343662656242554,0.053398269144622645,3.2611380221369988,0.01996734446714754,1.2194452607922979,0.03850101575056897,2.351333261664716,0.04618912875679371,2.820861544972571,5.9075493812561035,6.107779026031494,5.971462726593018,6.196916580200195,5.522394180297852,5.796113014221191,5.968440055847168,6.179601669311523,DESMOID,Desmoid-102_MR
0.02185964584350586,0.09679253705365909,4.42790763709185,0.07112229429884565,3.253587101645742,0.024776479717587563,1.1334341169395967,0.04078406113652022,1.865722929422811,0.0630783926818026,2.885607766809473,5.805419445037842,5.986169815063477,5.888266563415527,6.130422592163086,5.439247131347656,5.816902160644531,5.938363075256348,6.124569892883301,DESMOID,Desmoid-103_MR
0.0007905960083007812,0.006310044054544051,7.9812751083260585,0.002053446189393071,2.597306582334813,0.0008646561439604739,1.093662500515074,0.002884795266822948,3.64884055589601,0.003699297250136624,4.679065440050701,5.928632736206055,6.048966407775879,6.000965595245361,6.164752960205078,5.391796588897705,5.760595321655273,6.045475482940674,6.166567325592041,DESMOID,Desmoid-104_MR
0.012111186981201172,0.05303639098337953,4.379120500285964,0.035937762605385615,2.9673171579297817,0.013167519162607277,1.0872186442880678,0.023173026352480974,1.9133555823136075,0.03473432604738491,2.8679515411481655,5.80692195892334,5.955173492431641,5.927066802978516,6.161769390106201,5.395417213439941,5.779933929443359,5.937045574188232,6.134147644042969,DESMOID,Desmoid-105_MR
0.005862236022949219,0.029197648932665743,4.980624971787996,0.0169474852705207,2.8909542868340155,0.008029966291530855,1.3697764065335294,0.009840958853544635,1.6787011010830586,0.019512566836226597,3.3285138085027146,5.861835956573486,6.042561054229736,5.913771629333496,6.177289009094238,5.366052627563477,5.676456451416016,5.956342697143555,6.118315696716309,DESMOID,Desmoid-106_MR
0.027534008026123047,0.10490122249325395,3.8098770180846238,0.0884938120990455,3.2139810475567536,0.029445614330313674,1.0694267107102562,0.0535084268421997,1.9433570062834014,0.06968492492740097,2.530866539757729,5.884112358093262,6.084979057312012,5.947308540344238,6.168695449829102,5.498291015625,5.789132118225098,5.902770042419434,6.125837326049805,DESMOID,Desmoid-107_MR
0.003815174102783203,0.0224323792737664,5.8797632484895885,0.01629315648267493,4.27060819182722,0.005226019599376741,1.3697948666656279,0.00804702246045963,2.1092094755242012,0.013024096054891743,3.4137529681439425,5.856685638427734,6.067786693572998,5.929107189178467,6.1558332443237305,5.454527854919434,5.730690956115723,5.905147552490234,6.164434909820557,DESMOID,Desmoid-108_MR
0.0011420249938964844,0.011899995443400257,10.419991950333257,0.004312183699767047,3.7758770289992616,0.0015810693679441101,1.3844316298484813,0.0035416706168689416,3.1011927268403507,0.006600611519615995,5.779692877094346,5.911165237426758,5.9939775466918945,6.016445159912109,6.153337001800537,5.355676174163818,5.739319801330566,5.968197345733643,6.133803367614746,DESMOID,Desmoid-109_MR
0.004743099212646484,0.03506118276277448,7.3920251866204865,0.02065672101906557,4.355101283349928,0.007712806077392997,1.6261076293222287,0.010635584315480173,2.2423233028500937,0.020020632945374928,4.220993455515256,5.836481094360352,6.021683216094971,6.010549068450928,6.186025619506836,5.426340103149414,5.6550092697143555,5.996844291687012,6.181395053863525,DESMOID,Desmoid-110_MR
0.00057220458984375,0.005864087811005447,10.248057136408748,0.001891793613367554,3.3060911884195936,0.0007361172703781449,1.286435689413565,0.0018678817723412067,3.2643029476952936,0.0033371490108038415,5.831988680531703,5.949516296386719,6.035855293273926,5.97080659866333,6.13619327545166,5.202112197875977,5.6133952140808105,6.044515132904053,6.174094200134277,DESMOID,Desmoid-111_MR
0.014668464660644531,0.05645759551117635,3.848907048437142,0.042246150707114793,2.8800643341915486,0.025208470262981564,1.7185474867823718,0.02515722520936947,1.7150539365123099,0.03698924082340227,2.5216828388192454,5.743452072143555,5.981517791748047,6.040060043334961,6.213401794433594,5.533630847930908,5.850905418395996,5.955917835235596,6.200638771057129,DESMOID,Desmoid-112_MR
0.006279468536376953,0.05554717199345305,8.845825600273791,0.03076671535575315,4.899565334529275,0.01059400921917586,1.6870842312470495,0.01977234708067499,3.1487243671801712,0.030848393428414056,4.9125724771109,5.694945335388184,5.858569622039795,5.896073341369629,6.115997314453125,5.313020706176758,5.616240501403809,5.941250324249268,6.1527934074401855,DESMOID,Desmoid-113_MR
0.00019216537475585938,0.0011530623503404058,6.0000525655550945,0.0004997385773322094,2.6004298311741554,0.00020084862151747984,1.0451319362464573,0.00047291517773828673,2.460852116662089,0.0007953192723562097,4.138507721744202,6.047941207885742,6.117001533508301,6.091970443725586,6.164940357208252,5.861215114593506,6.094067096710205,5.846227645874023,5.9816083908081055,DESMOID,Desmoid-114_MR
0.012781143188476562,0.044734385618141914,3.5000273417013936,0.037980634718621786,2.9716125109012057,0.015399740887147573,1.2048788290114478,0.024937963065838176,1.9511512535756277,0.029708352124885096,2.3243874544645964,5.901970386505127,6.142410755157471,5.965786933898926,6.185825824737549,5.488401412963867,5.870918273925781,5.957095146179199,6.1562418937683105,DESMOID,Desmoid-115_MR
0.009208202362060547,0.034928283181614006,3.7931665570099873,0.030706242115968507,3.334658336343721,0.009471479184782083,1.0285904377929251,0.017251858964641542,1.8735296587774444,0.02316556587430796,2.5157506108084737,5.838166236877441,5.99118709564209,5.9565277099609375,6.169951438903809,5.467120170593262,5.786533832550049,5.870156764984131,6.0743608474731445,DESMOID,Desmoid-116_MR
0.011547088623046875,0.04677976277781681,4.051213582297548,0.041932436196134404,3.631426175960893,0.011864791103249672,1.0275127536859099,0.02206492406642724,1.9108630476566484,0.030156521615310794,2.6116102927467284,5.836633682250977,5.987241268157959,5.936075687408447,6.171160697937012,5.407599449157715,5.655475616455078,5.814584732055664,6.0374016761779785,DESMOID,Desmoid-117_MR
0.03072834014892578,0.11671658322427447,3.798335499908208,0.10172936644124775,3.310602943152288,0.03296176477925883,1.0726825429776978,0.054736478774032093,1.781302234215318,0.07882382941465949,2.565182609305012,5.879364967346191,6.090235710144043,5.958527088165283,6.163830280303955,5.361815452575684,5.643044948577881,5.813674449920654,6.0607757568359375,DESMOID,Desmoid-118_MR
0.030895233154296875,0.11664737583129181,3.775577206132738,0.10405135156429424,3.3678761175188514,0.03266867734657808,1.0574015288834053,0.05460555428166458,1.767442127221779,0.08037237470887248,2.601448200536152,5.87533712387085,6.143187999725342,5.946491718292236,6.152233600616455,5.366848945617676,5.70633602142334,5.811943054199219,6.053290367126465,DESMOID,Desmoid-119_MR
0.014745712280273438,0.056754120701384636,3.848853221473544,0.045480534862633704,3.084320591299671,0.014352659903494214,0.9733439726241789,0.030763230674665465,2.0862478005448377,0.038322361407608696,2.598879911014984,5.832468032836914,6.02869987487793,5.8734636306762695,6.084552764892578,5.456653118133545,5.865623950958252,5.913904666900635,6.129836559295654,DESMOID,Desmoid-120_MR
0.011218070983886719,0.047783574057405076,4.259514093902498,0.042701043798842875,3.8064481670418715,0.012376475808139276,1.1032614068231845,0.019279746161544153,1.718631394196293,0.03080456198046022,2.7459742913878835,5.833794593811035,6.053638458251953,5.966124534606934,6.166518211364746,5.442588806152344,5.691908836364746,5.789453506469727,6.055580139160156,DESMOID,Desmoid-121_MR
0.027563095092773438,0.0912998656980335,3.3123940641205447,0.08355007131626735,3.031228558431637,0.02971666784932836,1.0781320808851667,0.04720333078466865,1.7125549035853922,0.06252243888968678,2.2683380076100015,5.895926475524902,6.107795715332031,5.964158058166504,6.184063911437988,5.518227577209473,5.753745079040527,5.853094100952148,6.085354804992676,DESMOID,Desmoid-122_MR
0.0263519287109375,0.10281437377159364,3.9015867067465524,0.08588674023707199,3.259219034287761,0.029439223846054574,1.1171559014682924,0.04826127249242518,1.8314125963109538,0.06786857367262655,2.575467953879893,5.780337810516357,5.964334964752197,5.896603584289551,6.152246475219727,5.38656759262085,5.710509777069092,5.878543853759766,6.081745147705078,DESMOID,Desmoid-123_MR
0.018950462341308594,0.0725330612405628,3.8275067731401013,0.06005525450376581,3.169063726863221,0.023674175604185166,1.24926572688005,0.034876995955414714,1.8404288466936618,0.046425398768633386,2.449828053490489,5.8613176345825195,6.092432022094727,5.9179277420043945,6.149473190307617,5.499553203582764,5.837378025054932,5.913506984710693,6.121124267578125,DESMOID,Desmoid-124_MR
0.018671035766601562,0.056497245650348304,3.025928293283367,0.0460827425992818,2.4681393412742736,0.01800660070651361,0.9644130774251273,0.03036946139067709,1.626553850829365,0.04150950602189596,2.2232019856192218,5.787578582763672,5.9276227951049805,5.937605857849121,6.141151428222656,5.515898704528809,5.910229206085205,5.871509552001953,6.090415954589844,DESMOID,Desmoid-125_MR
0.012243270874023438,0.05973423713231796,4.878940354873019,0.04861831261371208,3.971019950776881,0.013595774662576332,1.1104682480512622,0.027469678971215217,2.2436534172386438,0.03635588362095632,2.969455981206196,5.861875534057617,6.069582462310791,5.931384563446045,6.1746320724487305,5.369477272033691,5.673663139343262,5.875688076019287,6.1187238693237305,DESMOID,Desmoid-126_MR
0.007311344146728516,0.03650622898118172,4.993087224138435,0.028695068208719476,3.924726888186528,0.009329089706909599,1.2759728936238062,0.012829324328265557,1.754712474707038,0.022892222018583652,3.131050905094898,5.822473526000977,6.017263412475586,5.992591857910156,6.185386657714844,5.3953399658203125,5.787654876708984,5.906685829162598,6.124396324157715,DESMOID,Desmoid-127_MR
0.0021185874938964844,0.01682990466974843,7.943889633700637,0.007144321822465827,3.372194030743483,0.004127194432840042,1.9480785966801955,0.004861297903858031,2.2945830521668484,0.009816121672542977,4.633311282970203,5.800125598907471,5.951236724853516,6.006638050079346,6.162168979644775,5.451332092285156,5.733795166015625,6.07694149017334,6.1978759765625,DESMOID,Desmoid-128_MR
0.014875411987304688,0.05018827358225053,3.373905871381889,0.05012154408399283,3.3694199819520194,0.014910593260310634,1.0023643882530502,0.028363556000101653,1.9067395885850034,0.0335574882312244,2.2559015979421475,5.848583698272705,6.024906158447266,5.962825775146484,6.155544757843018,5.5186848640441895,5.781641006469727,5.828730583190918,6.040489673614502,DESMOID,Desmoid-129_MR
0.006926059722900391,0.03314003075706751,4.784824883799993,0.025596380949934883,3.695657418131799,0.007165453708154246,1.0345627455153035,0.013954034009202587,2.0147117438140856,0.021017224643856025,3.0345095392794805,5.816279411315918,5.989123344421387,5.817068099975586,6.114258289337158,5.309000015258789,5.6196441650390625,5.887306213378906,6.1143646240234375,DESMOID,Desmoid-130_MR
0.00710296630859375,0.05670433250838869,7.983179169524083,0.028115264219536584,3.9582370823228685,0.009100446387208194,1.2812159286238565,0.018759347392460768,2.641054478777327,0.03435114151113794,4.836161634043067,5.876500129699707,6.013880729675293,5.953683853149414,6.159579277038574,5.127021789550781,5.5022478103637695,5.958675861358643,6.153027534484863,DESMOID,Desmoid-131_MR
0.010114669799804688,0.06074940376004179,6.00606296614697,0.03824410282965118,3.7810492854543623,0.014189857645305892,1.4028973656269272,0.023015434294450188,2.275448630108351,0.03471199008163239,3.431842704729286,5.802416801452637,5.996366500854492,5.948698043823242,6.167885780334473,5.372018814086914,5.665793418884277,5.934381484985352,6.166621208190918,DESMOID,Desmoid-132_MR
0.034352779388427734,0.12683530446446412,3.692139902537013,0.09526798924616742,2.7732242691843796,0.044284115651578304,1.2890981035297264,0.05986683258581138,1.7427065938924435,0.08728058556198448,2.5407132030852284,5.773688793182373,6.020756721496582,5.9889326095581055,6.192524433135986,5.47996187210083,5.818985939025879,5.963148593902588,6.178180694580078,DESMOID,Desmoid-133_MR
0.0005249977111816406,0.003811564705301862,7.26001661332389,0.0014291148150959998,2.722083475458818,0.0005729240944560843,1.0912679609345122,0.0015573061592704107,2.9662538779961243,0.0023478559719478653,4.472040928053266,6.012999534606934,6.088122367858887,6.034313201904297,6.164763927459717,5.502567768096924,5.83962345123291,6.016792297363281,6.165317535400391,DESMOID,Desmoid-134_MR
0.00420379638671875,0.021003923061698515,4.9964059068127,0.01065810801429734,2.535347024537076,0.004294145549295081,1.0214898485481498,0.011460361829108479,2.7261868827536038,0.014006627276785366,3.3318916211358003,5.883345603942871,6.031931400299072,5.9006876945495605,6.092439651489258,5.513068199157715,5.898858547210693,6.003970623016357,6.137956619262695,DESMOID,Desmoid-135_MR
0.015133857727050781,0.07950397228569273,5.253380941316453,0.06625238881889572,4.377756566516965,0.029052167027032283,1.9196789314540834,0.030639731476242105,2.0245803669524363,0.04360450806410654,2.881253414562781,5.676013946533203,5.900978088378906,5.969698905944824,6.181515216827393,5.481418609619141,5.744989395141602,5.8258280754089355,6.165657997131348,DESMOID,Desmoid-136_MR
0.00987386703491211,0.06013724320041547,6.090540016629928,0.037642086822529564,3.8122904194000458,0.011511198146877177,1.165823526683168,0.023519193071820155,2.381961309489764,0.03594520528679368,3.6404347714376453,5.827447414398193,5.977571964263916,5.913520812988281,6.161895275115967,5.381439208984375,5.709393501281738,5.959901809692383,6.152724742889404,DESMOID,Desmoid-137_MR
0.005970001220703125,0.04353403104369136,7.292118797485959,0.02878067536528306,4.820874584871112,0.006344358084959367,1.0627045495254785,0.0189101011742423,3.167515181322413,0.025422769552505997,4.258412356804884,5.8098554611206055,5.941330909729004,5.922715187072754,6.163145065307617,5.206700801849365,5.561191082000732,5.90134859085083,6.120501518249512,DESMOID,Desmoid-138_MR
0.014407157897949219,0.07241078179288252,5.02602470560434,0.04250039585286913,2.9499479810267797,0.016250173880166585,1.127922850297296,0.02771053374164012,1.9233852161592815,0.04764593273119999,3.3070991515259656,5.807069778442383,5.9624714851379395,5.90435791015625,6.135576248168945,5.1997971534729,5.52734375,5.934025287628174,6.146758079528809,DESMOID,Desmoid-139_MR
0.012105464935302734,0.05676962824077236,4.689582898992031,0.0467015592100779,3.857887398856523,0.01500431482378417,1.2394651927309073,0.025958318410118864,2.1443453106013717,0.035387098945932394,2.9232309459197134,5.83944034576416,6.0489654541015625,5.96739387512207,6.183984756469727,5.465516567230225,5.801633834838867,5.9066619873046875,6.096156597137451,DESMOID,Desmoid-140_MR
0.002864360809326172,0.025318430435845585,8.839089671424773,0.011332271274568484,3.956286398978609,0.004403467978704612,1.5373246942634862,0.008948140549364325,3.123946285246961,0.014290263218754262,4.988971110942152,5.838260173797607,5.981685638427734,5.947779655456543,6.145899295806885,5.312723159790039,5.6091742515563965,6.002483367919922,6.175313949584961,DESMOID,Desmoid-141_MR
0.016027450561523438,0.06481152543716462,4.043780060376837,0.047923663533367744,2.9900971117293778,0.028643249059257414,1.787135831612667,0.027125321456992424,1.6924279022786197,0.042020115993977925,2.621757566189502,5.8450517654418945,6.027324199676514,6.018218040466309,6.198192596435547,5.601593017578125,5.903933525085449,5.959163188934326,6.200236797332764,DESMOID,Desmoid-142_MR
0.0011982917785644531,0.011098496509930555,9.261854324564537,0.005964936957525424,4.977825339349263,0.0015336143405875191,1.2798231363928754,0.0035103853023201737,2.9294668213924884,0.006140586493529554,5.124407393341167,5.868912696838379,5.993658065795898,5.972738742828369,6.144766330718994,5.195262908935547,5.534182548522949,5.966086387634277,6.158380508422852,DESMOID,Desmoid-143_MR
0.021637439727783203,0.0706744694220447,3.266303113869114,0.058244629156632755,2.6918435346770426,0.021027172210892786,0.9717953120830686,0.04178285852424324,1.9310435864626254,0.04993351093418141,2.307735503138576,5.915616035461426,6.016505241394043,5.949763774871826,6.133881568908691,5.520208358764648,5.9647016525268555,5.938956260681152,6.100447654724121,DESMOID,Desmoid-144_MR
0.03998708724975586,0.136748256185399,3.4198095283406422,0.11415925041700348,2.854902162664495,0.04394292780798992,1.0989276749328987,0.06957444290290482,1.7399223171501803,0.09539427758113561,2.38562646809073,5.764453887939453,5.960386276245117,5.898240566253662,6.142819404602051,5.405077934265137,5.7896575927734375,5.871158599853516,6.068803310394287,DESMOID,Desmoid-145_MR
0.014950752258300781,0.05355363988331874,3.582000633685773,0.048051527537893435,3.213985127160647,0.015216180716208783,1.017752837836789,0.027193549321964383,1.8188737705909483,0.03615539297976511,2.418297632931147,5.814579486846924,5.975140571594238,5.929330825805664,6.171058654785156,5.427184104919434,5.682538986206055,5.835202693939209,6.073389053344727,DESMOID,Desmoid-146_MR
0.004055023193359375,0.026966260785343366,6.650071528268621,0.016105083051854763,3.9716279211299317,0.00491321590300231,1.211633954328245,0.00787100593578316,1.9410459940680431,0.01611227485875588,3.973401471815755,5.848423480987549,5.993537902832031,5.965141296386719,6.148083209991455,5.341249465942383,5.6920881271362305,5.924290657043457,6.126211166381836,DESMOID,Desmoid-147_MR
5.6743621826171875e-05,0.00047802159519960696,8.42275047509246,0.0002930033713255398,5.162725512443359,5.815869226921677e-05,1.0247573705048891,0.00020179715386348107,3.555670058935737,0.0003313826618978055,5.838969412609165,5.951493263244629,6.10761833190918,6.107972621917725,6.17270040512085,5.784605503082275,6.050210475921631,5.88076639175415,6.02913236618042,DESMOID,Desmoid-148_MR
0.028670787811279297,0.0936332748610198,3.265806395669387,0.08192731414402488,2.8575177671475216,0.030544896271919697,1.065366107806847,0.054280274923314664,1.8932251303436143,0.06532747674924622,2.27853710870738,5.836623191833496,6.042356014251709,5.962274551391602,6.16378927230835,5.492099761962891,5.782917022705078,5.905246734619141,6.09783935546875,DESMOID,Desmoid-149_MR
0.018520355224609375,0.06776786720246264,3.6590999356975136,0.053132309149020784,2.8688586053594647,0.017787035108170812,0.9604041222975379,0.04301624375295887,2.322645543501486,0.04613551911296554,2.4910696173346447,5.918543815612793,6.078570365905762,6.012255668640137,6.186239242553711,5.505509853363037,5.82545280456543,5.951891899108887,6.1599531173706055,DESMOID,Desmoid-150_MR
0.003976345062255859,0.027076664921082738,6.809418298204398,0.016659854170200106,4.18973001891553,0.005541186664345332,1.393534173279213,0.008092612320808712,2.0351835271515277,0.016492804193035226,4.1477191887583995,5.838212013244629,5.988374710083008,5.9388427734375,6.153255462646484,5.318940162658691,5.6404619216918945,5.912370204925537,6.109769821166992,DESMOID,Desmoid-151_MR
0.010625362396240234,0.06584209218635806,6.1966856060175495,0.04868691219274979,4.582137018555467,0.016019347566157194,1.507650458615983,0.018657083626351323,1.7558992692767261,0.038837231886816426,3.6551407742244306,5.825751304626465,6.040531158447266,5.907092571258545,6.145895957946777,5.424434661865234,5.710747241973877,5.906859397888184,6.15272331237793,DESMOID,Desmoid-152_MR
0.012797832489013672,0.04442975650761127,3.4716598946855353,0.03395549144141796,2.653219983803294,0.012697358515850965,0.9921483661602362,0.024548475975223027,1.9181730042619844,0.030721709161241506,2.4005381522404736,5.8656816482543945,6.018383979797363,5.933663368225098,6.162547588348389,5.481280326843262,5.81799840927124,5.948449611663818,6.1051130294799805,DESMOID,Desmoid-153_MR
0.021636486053466797,0.07274010280110588,3.361916949091708,0.06403138155400256,2.959415489262776,0.022158962805633564,1.0241474752139015,0.04098716961431137,1.8943533885073793,0.049448875719804164,2.285438251998341,5.808087348937988,5.976297855377197,5.974679946899414,6.177163124084473,5.4926300048828125,5.782037734985352,5.899247169494629,6.072189807891846,DESMOID,Desmoid-154_MR
0.017431259155273438,0.058952971466396775,3.382024047776342,0.05050290095402943,2.8972589720325046,0.017930794395965677,1.028656848577266,0.0328729319553247,1.8858599257748099,0.04064067985922293,2.3314814025993056,5.863730430603027,6.054719924926758,5.888720989227295,6.165055274963379,5.48873233795166,5.773830890655518,5.912685394287109,6.084033966064453,DESMOID,Desmoid-155_MR
0.02968597412109375,0.10178788690524243,3.428819691138882,0.09489098696707288,3.196491198674693,0.03777764513168336,1.2725751309972564,0.04535286454461129,1.5277534461923141,0.06879172779304099,2.3173133662144676,5.872014999389648,6.136110305786133,5.979877948760986,6.182142734527588,5.552556037902832,5.975264549255371,5.835238933563232,6.08696174621582,DESMOID,Desmoid-156_MR
0.024616241455078125,0.09459442653979977,3.8427632538781906,0.07928608099996381,3.2208836160392633,0.024981969515067703,1.014856773000429,0.04441931785845554,1.804471242890729,0.06108735389778985,2.4815863621342737,5.906181335449219,6.063991546630859,5.891323089599609,6.12783145904541,5.368835926055908,5.770247459411621,5.917718887329102,6.0810699462890625,DESMOID,Desmoid-157_MR
0.00384521484375,0.029024930204741395,7.548305075558404,0.016553942494738294,4.30506489669777,0.004439983460258645,1.1546746004919222,0.009846966540294488,2.5608298449178273,0.01729954960080704,4.498969580134072,5.946991920471191,6.08939266204834,6.005005836486816,6.184453964233398,5.3261871337890625,5.696922302246094,6.019115447998047,6.16689920425415,DESMOID,Desmoid-158_MR
0.01335287094116211,0.06831478942365266,5.116108630390228,0.05265804503954996,3.94357182330775,0.017668018644314998,1.323161550092975,0.028035632352441553,2.0995942730244694,0.04056742978860939,3.0381031604613993,5.821647644042969,6.045521259307861,5.932268142700195,6.183498859405518,5.306571006774902,5.595605850219727,5.865834712982178,6.141819000244141,DESMOID,Desmoid-159_MR
0.028335094451904297,0.09781461753624399,3.4520648301217123,0.08690348397135494,3.0669900694689156,0.029142017870157133,1.0284775169833054,0.05222125359568963,1.8429878627879923,0.06591214848907612,2.326165714368715,5.8726487159729,6.0256853103637695,5.927729606628418,6.144779205322266,5.542031288146973,5.865805625915527,5.933952331542969,6.09157657623291,DESMOID,Desmoid-160_MR
0.005723476409912109,0.02995271111768716,5.23329819842223,0.01902728579466384,3.3244222894828233,0.006538307636986929,1.1423644905775765,0.0127013142222836,2.2191568761807616,0.019613663438235562,3.4268734183186003,5.872513771057129,6.0192766189575195,5.920736312866211,6.170503616333008,5.212368011474609,5.585683345794678,5.921552658081055,6.113181114196777,DESMOID,Desmoid-161_MR
0.0013399124145507812,0.010203171166949687,7.614747731771003,0.004129281105633709,3.0817314948926207,0.0015969888320910286,1.1918517182402915,0.0041033031993720215,3.062343875147192,0.006173535869265834,4.607383085934536,5.939143180847168,6.060870170593262,5.946910858154297,6.130797386169434,5.3327202796936035,5.684840202331543,5.995521545410156,6.152541637420654,DESMOID,Desmoid-162_MR
0.0070743560791015625,0.03442383827257345,4.8659961737441275,0.026573310213848345,3.7562814698477025,0.007473855862002665,1.0564700467058439,0.01809743969374722,2.5581712186493997,0.021752691203460017,3.074860837032424,5.858548164367676,6.041652202606201,5.962535858154297,6.195318222045898,5.45809268951416,5.710474967956543,5.896993160247803,6.126600742340088,DESMOID,Desmoid-163_MR
0.008605003356933594,0.038545637124627774,4.479439545967603,0.027832020670814472,3.2343959871240044,0.008886361824551159,1.0326958780826139,0.01920213476415711,2.2315055151756105,0.024600712597703023,2.8588813959109896,5.824563026428223,5.985608100891113,5.886831283569336,6.174422740936279,5.338367462158203,5.717940330505371,5.94962739944458,6.160685062408447,DESMOID,Desmoid-164_MR
0.029750823974609375,0.1085036227884757,3.647078360259658,0.08974188644981496,3.016449438909998,0.04592782526739825,1.5437491704130042,0.05108362718985404,1.7170485786533236,0.07363733368737257,2.4751351088247744,5.784672737121582,6.0534515380859375,6.001312255859375,6.176119327545166,5.465005874633789,5.86541223526001,5.903532981872559,6.137792587280273,DESMOID,Desmoid-165_MR
0.020911693572998047,0.0883577206263908,4.225276066961924,0.07806376060091225,3.733017749051828,0.023978556602230583,1.1466572543230082,0.03847346437535748,1.8398053626312787,0.05717058703902467,2.7339038562523146,5.844695091247559,6.070728302001953,5.971477508544922,6.177198886871338,5.401856422424316,5.744932174682617,5.861043453216553,6.088334083557129,DESMOID,Desmoid-166_MR
0.0009775161743164062,0.007661430565576666,7.837570764725948,0.0034722597214340567,3.5520887446949874,0.001176649731633006,1.203701509533337,0.002715670389875413,2.77810503823543,0.004639442863549448,4.746106022985887,5.90213680267334,6.031020641326904,5.9652299880981445,6.1311774253845215,5.364209175109863,5.683037757873535,6.001033306121826,6.161191940307617,DESMOID,Desmoid-167_MR
0.03423738479614258,0.1227243115059764,3.584510802784661,0.10855325139579008,3.1706048910012408,0.03500362353656783,1.0223798786381837,0.06681528778375423,1.9515295536236916,0.08300322974002938,2.4243442070943173,5.769153594970703,5.94513463973999,5.9536333084106445,6.184303283691406,5.454679489135742,5.661370277404785,5.853626251220703,6.062539100646973,DESMOID,Desmoid-168_MR
0.00889730453491211,0.04163206540704323,4.679172040471702,0.030820006366525377,3.4639672730002937,0.015311695737580067,1.7209345221525678,0.0146122923588905,1.6423261537572298,0.025865929335509463,2.9071613950495205,5.844844818115234,6.0561628341674805,6.075862407684326,6.2131500244140625,5.616751670837402,5.893703460693359,5.936429023742676,6.20590353012085,DESMOID,Desmoid-169_MR
0.05900287628173828,0.1752966253429804,2.970983902481321,0.18855418721420847,3.1956773489666896,0.09555727187068896,1.6195355497424957,0.09819919880192174,1.664311781851169,0.12039512210697012,2.040495468850192,5.767885208129883,5.981606483459473,5.975828170776367,6.188715934753418,5.604092597961426,5.915831565856934,5.737283706665039,6.108299255371094,DESMOID,Desmoid-170_MR
0.005787849426269531,0.04220151195511335,7.2913850954244115,0.02843428244216284,4.912745861294991,0.0064669673001844785,1.1173331665300406,0.01637865493165691,2.8298294283580243,0.02543239611793524,4.39409360954837,5.897245407104492,6.029895782470703,6.012150764465332,6.176180839538574,5.2452239990234375,5.564990997314453,5.931248664855957,6.133788585662842,DESMOID,Desmoid-171_MR
0.012419700622558594,0.05777798150364788,4.652119784393575,0.04678765952115782,3.767210118098473,0.013731221871410071,1.1055991792972462,0.029777910205837088,2.397633174459786,0.03719960569162595,2.995207120531318,5.901554107666016,6.079793930053711,5.965110778808594,6.189146041870117,5.342447280883789,5.7178239822387695,5.8561506271362305,6.118717670440674,DESMOID,Desmoid-172_MR
0.012802600860595703,0.04977657582600159,3.888001937105311,0.04091445254181281,3.195789748459875,0.022121346070719028,1.7278777205362723,0.01950700059853716,1.5236736327413065,0.03324805070923276,2.5969742477735305,5.8340301513671875,6.031262397766113,6.033324718475342,6.199160099029541,5.632898330688477,5.910256385803223,5.917511940002441,6.178646087646484,DESMOID,Desmoid-173_MR
0.002269268035888672,0.020649426436648355,9.099557705172003,0.01082833435862085,4.771708969712196,0.00326047047889233,1.4367875717862388,0.006500507311614001,2.864570673495431,0.011475284703010402,5.056799793382994,5.810610771179199,5.949095249176025,5.954885482788086,6.129154205322266,5.2012176513671875,5.5201826095581055,5.965033531188965,6.168862342834473,DESMOID,Desmoid-174_MR
0.0004153251647949219,0.0022086251958626235,5.317693715997215,0.0012121630759338586,2.9185178108682006,0.0004320664454269263,1.040283804623829,0.0009090831858884485,2.1887941666035484,0.0013646721873783463,3.2857130892159687,6.077661514282227,6.132177352905273,6.086095809936523,6.174826622009277,5.691725730895996,5.998719692230225,5.886102676391602,6.032838821411133,DESMOID,Desmoid-175_MR
0.002326488494873047,0.025324550942968926,10.885264271082558,0.009372101111694064,4.028414861366796,0.0032665439725292345,1.4040602131176037,0.00807550255899514,3.4710972634589248,0.01342937271806477,5.772353924861485,5.844723701477051,5.972063064575195,5.959497451782227,6.131414413452148,5.231587886810303,5.590862274169922,6.032310485839844,6.173587799072266,DESMOID,Desmoid-176_MR
0.0618290901184082,0.14554801250682203,2.354037374441561,0.1436902062457932,2.3239899330673377,0.09103761006849709,1.4724071657868545,0.10129992896284534,1.6383859504480416,0.10763368463256029,1.7408256698938243,5.829766750335693,6.1446533203125,5.896157264709473,6.147789001464844,5.52336311340332,5.896644592285156,5.867827415466309,6.171502590179443,DESMOID,Desmoid-177_MR
0.02070474624633789,0.06584239689794913,3.1800614368302385,0.0594135643300433,2.8695611589511922,0.020920809980196964,1.010434980798061,0.039137457023855404,1.8902640803017303,0.0456415996331998,2.2044016886831286,5.858325958251953,6.03021240234375,5.960865497589111,6.175181865692139,5.4699554443359375,5.746994972229004,5.873813629150391,6.100730895996094,DESMOID,Desmoid-178_MR
0.010498046875,0.05664263122207558,5.39553480196549,0.036074316621807156,3.4362851193647352,0.014674946871593875,1.3978726774228754,0.02324279870117607,2.2140095998647435,0.033962312863422994,3.235104673923096,5.812681198120117,6.014548301696777,5.99782657623291,6.204507827758789,5.450369834899902,5.727588653564453,5.964711666107178,6.180004119873047,DESMOID,Desmoid-179_MR
0.0007872581481933594,0.008116569282719865,10.309790001470212,0.0029280787371135375,3.7192902365387934,0.0011065524520859071,1.405559788777494,0.002173345565040563,2.760616659048134,0.004586404902966024,5.825721405712918,5.9067182540893555,6.012371063232422,5.930446624755859,6.103981971740723,5.228889465332031,5.5905961990356445,6.036911964416504,6.173100471496582,DESMOID,Desmoid-180_MR
0.0035352706909179688,0.015294635026180003,4.326285905804161,0.011441161343725526,3.2362808908264427,0.0040965045590724,1.1587494508133962,0.005564426852288307,1.5739703120556041,0.009786367830884046,2.7682010811828706,5.840062141418457,6.044440746307373,5.911307334899902,6.145191669464111,5.298482894897461,5.692177772521973,5.877662658691406,6.08412504196167,DESMOID,Desmoid-181_MR
0.006332874298095703,0.04677799993885401,7.386523697096463,0.028370615695791912,4.4798885247789775,0.009392199999410877,1.4830840983839086,0.016136373891640687,2.5480291652403775,0.02764358241734044,4.365085657044588,5.836569309234619,6.000507354736328,5.987296104431152,6.176239967346191,5.286712646484375,5.632967948913574,5.9282379150390625,6.122984409332275,DESMOID,Desmoid-182_MR
0.018826961517333984,0.06531229099493885,3.469081096489993,0.04904210426332156,2.6048854547938585,0.024934974669292842,1.3244283418783112,0.030750937203833928,1.633344862476769,0.04495498382959795,2.3877968789726967,5.91457986831665,6.1694560050964355,5.999303817749023,6.18583869934082,5.467342853546143,5.877849102020264,5.989559173583984,6.164342880249023,DESMOID,Desmoid-183_MR
0.018178462982177734,0.07607966992964066,4.1851518553967395,0.05906747004576118,3.2493086797593627,0.018594088073825787,1.0228630365188276,0.037283752615053345,2.0509837460828817,0.04927698738407571,2.7107330430002072,5.801868438720703,5.9727582931518555,5.944465160369873,6.176608085632324,5.419219017028809,5.73037052154541,5.9225616455078125,6.122763156890869,DESMOID,Desmoid-184_MR
0.0019330978393554688,0.01825948391933707,9.445662341023404,0.010605216524027128,5.486096692651709,0.002849725843475426,1.4741680652568112,0.006254029216847812,3.235220037663813,0.009520369939536977,4.924903694307727,5.854861259460449,6.018739700317383,5.956439018249512,6.155709743499756,5.311811447143555,5.637917518615723,5.973841190338135,6.14863920211792,DESMOID,Desmoid-185_MR
0.018246173858642578,0.07005484449342703,3.839424453691696,0.058405690207905536,3.2009811290069186,0.021890069933391487,1.199706749804723,0.03544328674263397,1.9425040883738396,0.04581565884637939,2.510972113474463,5.880558967590332,6.128142356872559,5.96218204498291,6.181662559509277,5.555778503417969,5.808509349822998,5.933584213256836,6.120066165924072,DESMOID,Desmoid-186_MR
0.0024542808532714844,0.020655771784504395,8.416187411924291,0.009150266531889883,3.7282730853569768,0.003817642247213371,1.5554970765280678,0.007963979991586712,3.2449210251388925,0.011691129982978055,4.763547061830176,5.85306453704834,6.005520820617676,5.949970245361328,6.145541191101074,5.326260566711426,5.590785026550293,6.023531436920166,6.17557430267334,DESMOID,Desmoid-187_MR
0.0074558258056640625,0.04953654768871729,6.643996592720736,0.03661853655296454,4.911392566497522,0.011040955828747201,1.4808475020814686,0.017237307905304533,2.31192160806568,0.027788202779333915,3.727040603311533,5.658989906311035,5.849667072296143,5.892126083374023,6.145559787750244,5.330165863037109,5.627057075500488,5.858646392822266,6.118064880371094,DESMOID,Desmoid-188_MR
0.01769733428955078,0.06226064682419974,3.518078521021988,0.053374870084155646,3.015981901627483,0.017802666654006316,1.005951309006161,0.03485974374319767,1.9697725925906437,0.04274608377841105,2.4153953880893893,5.8686370849609375,6.030248165130615,5.93934440612793,6.161607265472412,5.479198455810547,5.839147567749023,5.895086288452148,6.075160980224609,DESMOID,Desmoid-189_MR
0.004946708679199219,0.02385620320643511,4.8226318805533905,0.019993110032544337,4.04169133705029,0.00553206605638934,1.1183304358203119,0.01166625046766967,2.3583816311863157,0.014599975625969819,2.951446518954517,5.888242721557617,6.088459014892578,5.981739521026611,6.201630592346191,5.464278697967529,5.74216365814209,5.936177730560303,6.157479763031006,DESMOID,Desmoid-190_MR
0.030841827392578125,0.10274617823682775,3.331389661679265,0.08256641256525654,2.6770912353336502,0.04068205301928174,1.3190541309666457,0.053273333406309575,1.7273073821188563,0.07298327284104289,2.366372402268284,5.930177688598633,6.186131000518799,5.986288070678711,6.167644500732422,5.5409345626831055,5.884274482727051,5.970625877380371,6.146801948547363,DESMOID,Desmoid-191_MR
0.03837919235229492,0.14634392507048233,3.8131049136233948,0.1335163939670565,3.478873602985987,0.044644279489830296,1.1632414629159364,0.07458530549996567,1.9433782082108793,0.09613609258286715,2.5049007454715535,5.762682914733887,5.961063385009766,5.918180465698242,6.160893440246582,5.381226062774658,5.677936553955078,5.778569221496582,6.092991828918457,DESMOID,Desmoid-192_MR
0.01036691665649414,0.04291212119198917,4.139329100501332,0.03326029892804172,3.2083085016528514,0.013697617094550196,1.321280409172145,0.01703691138789054,1.643390751416007,0.027485184756017134,2.651237504299273,5.843519687652588,6.068319320678711,5.873518943786621,6.146515846252441,5.444629192352295,5.853396415710449,5.908506393432617,6.100242614746094,DESMOID,Desmoid-193_MR
0.0010652542114257812,0.009549272755293714,8.964229392924675,0.0040596061367068614,3.8108913198851995,0.0013245303071016679,1.243381963737313,0.0033130822981775054,3.1101038246119033,0.005722361089851802,5.3717763428781895,5.921331405639648,6.049731731414795,5.980380058288574,6.135617733001709,5.280535697937012,5.6554365158081055,6.011153221130371,6.1629462242126465,DESMOID,Desmoid-194_MR
0.008523941040039062,0.06518872701019518,7.647712510781437,0.0299871408158765,3.5179860460272048,0.01049720667975862,1.2314954216009333,0.02569779920037263,3.0147755518143926,0.03814008694871518,4.474461053279395,5.847712516784668,5.9835100173950195,5.935725212097168,6.141419410705566,5.123118877410889,5.439409255981445,5.940124034881592,6.135268211364746,DESMOID,Desmoid-195_MR
0.052808284759521484,0.17272500065388385,3.2707929964495026,0.14378720223135133,2.7228147185234777,0.0662448030319922,1.2544393515007048,0.0894949133976013,1.6947131848347576,0.11853746310055158,2.2446750769050148,5.761343955993652,6.015342712402344,5.988089561462402,6.1757917404174805,5.5051469802856445,5.778620719909668,5.92711067199707,6.177424430847168,DESMOID,Desmoid-196_MR
0.04360818862915039,0.16114751282532325,3.695348991499098,0.11926632537665682,2.7349518926684557,0.062320551040613736,1.4291017056355741,0.07061633591322902,1.6193362288077806,0.10957983237676672,2.512826390941928,5.808234214782715,6.072827339172363,5.96571159362793,6.16719388961792,5.47656774520874,5.859851837158203,5.968658447265625,6.144926071166992,DESMOID,Desmoid-197_MR
0.0009212493896484375,0.009413942075070736,10.218557532057499,0.0026060846125801618,2.828828277749952,0.0011217208216294239,1.217594994670811,0.003340538116958669,3.6260559778212453,0.005370794460304751,5.829839587691262,5.930695533752441,6.024397373199463,5.963623523712158,6.113527297973633,5.215249061584473,5.5871663093566895,5.976548194885254,6.132752895355225,DESMOID,Desmoid-198_MR
0.011346817016601562,0.06590537111799222,5.8082643739581075,0.048754790497184786,4.296777453807269,0.016623993046579244,1.4650785653343132,0.02666406088576423,2.349913402817545,0.03660909115114919,3.226372544288052,5.770599365234375,5.98017692565918,5.930344581604004,6.168359756469727,5.449554920196533,5.683197021484375,5.887515068054199,6.16208553314209,DESMOID,Desmoid-199_MR
0.004566192626953125,0.017777125052589327,3.8931967117831148,0.010863796902953027,2.379175387186459,0.004440005739837716,0.9723628368197019,0.011685044924888643,2.559028996198026,0.012260127150625522,2.684972208253994,5.973302841186523,6.0926408767700195,6.025694370269775,6.1929216384887695,5.56881046295166,5.927815914154053,5.9976396560668945,6.138108730316162,DESMOID,Desmoid-200_MR
0.022767066955566406,0.09106356737265742,3.99979178488229,0.07634261512129115,3.353202313598973,0.02374992200046222,1.0431695753835237,0.042029844560772744,1.8460799619907602,0.06129531053613846,2.6922784446930126,5.784284591674805,5.96998929977417,5.926548480987549,6.145116806030273,5.40696907043457,5.681155204772949,5.831727504730225,6.091854572296143,DESMOID,Desmoid-201_MR
0.0004949569702148438,0.004123244759057343,8.330343249505356,0.001763206896328029,3.562271833134031,0.0005608734986708441,1.1331533868358794,0.0014521875301625187,2.933907952549211,0.002440024512566197,4.92967139101643,5.856611251831055,5.95804500579834,5.910818099975586,6.100337982177734,5.294032096862793,5.7039794921875,6.028425216674805,6.1776123046875,DESMOID,Desmoid-202_MR
0.0012149810791015625,0.01125045669436986,9.259703126947338,0.005134643418500673,4.2260749949683065,0.001997441809976408,1.6439970995123987,0.003318076448749707,2.730947169754771,0.006773843622909226,5.575220871513076,5.901372909545898,6.0166916847229,5.960314750671387,6.136001110076904,5.379415988922119,5.636290550231934,6.018646240234375,6.150115013122559,DESMOID,Desmoid-203_MR
0.08340740203857422,0.24192602626780513,2.9005339016623526,0.2640458816275668,3.165736415673118,0.0919478682137651,1.1023944511219352,0.1437617399460578,1.7236086869542353,0.1678196478981704,2.012047176581348,6.018428802490234,6.14117956161499,5.871445178985596,6.106698989868164,5.558133125305176,5.959432601928711,5.794363975524902,6.114272117614746,GIST,GIST-001_CT
0.053180694580078125,0.18802339859004746,3.5355567413915456,0.17217942433399003,3.2376296194934144,0.06073576056903107,1.1420638565925116,0.08102263034109569,1.523534352936109,0.12263445086117031,2.3059952257027834,6.001589775085449,6.105395317077637,5.929439544677734,6.173375129699707,5.415038108825684,5.837368011474609,5.853920936584473,6.097210884094238,GIST,GIST-002_CT
0.0057697296142578125,0.03558071959866993,6.166780821572108,0.02417992764247856,4.190817828715644,0.00463852175221291,0.803939529740734,0.011423216716593743,1.979849608527466,0.02206697476225372,3.82460496271326,5.930851936340332,6.123932838439941,6.030866622924805,6.14598274230957,5.470052719116211,5.910175323486328,5.836245536804199,6.069969654083252,GIST,GIST-003_CT
0.009151458740234375,0.05057747166529225,5.526705395706452,0.04045097594979552,4.420162172652468,0.008828398024718354,0.9646973917863432,0.022148202409198348,2.420180086702795,0.030156933892499183,3.2953108127785447,6.059506416320801,6.173725128173828,6.017351150512695,6.153511047363281,5.4663615226745605,5.905390739440918,5.775590896606445,5.9935102462768555,GIST,GIST-004_CT
0.005677700042724609,0.04127299224296621,7.269302576635316,0.02676846055715032,4.714657908860862,0.007232885528054567,1.273908930471494,0.019020480115500504,3.3500266784270285,0.02570445136439048,4.527256793842095,5.874886512756348,5.990018367767334,5.830778121948242,6.098237037658691,5.262022972106934,5.711864471435547,5.936500549316406,6.120891571044922,GIST,GIST-005_CT
0.0036163330078125,0.01940338140991571,5.365470412512854,0.012087010389564057,3.342329630638495,0.0035693181249598638,0.9869965645540131,0.010578788099223857,2.9252723196804524,0.012801550487438362,3.539916003482736,5.986313819885254,6.153864860534668,5.983800888061523,6.114332675933838,5.544531345367432,5.955258369445801,5.861423492431641,6.11761999130249,GIST,GIST-006_CT
0.006516933441162109,0.027016320617804013,4.145550880058955,0.015038586631703765,2.3076134951114544,0.007477452745774826,1.1473864723983913,0.015068034995067592,2.312132233632005,0.01992309467487985,3.0571225383117855,6.080079555511475,6.147702217102051,5.995685577392578,6.107687950134277,5.561191558837891,5.944690704345703,5.985681533813477,6.1813507080078125,GIST,GIST-007_CT
0.014801502227783203,0.061213553043785396,4.13562831295605,0.047876524655293906,3.234569814118533,0.013992042898422596,0.9453117143097588,0.028744638533794387,1.9420068768270322,0.03885987364515131,2.625398881352766,6.026303291320801,6.162605285644531,6.006646156311035,6.152250289916992,5.452392101287842,5.923619270324707,5.828234672546387,6.171045303344727,GIST,GIST-008_CT
0.02796792984008789,0.0796969283341582,2.849581656347976,0.05737274026864725,2.051375274571062,0.02921427014516098,1.0445628212946403,0.033782279956284356,1.2078930428712689,0.05919167567611794,2.1164117205113353,6.097558975219727,6.199925422668457,6.041351318359375,6.18131685256958,5.44854211807251,5.837185382843018,5.983781337738037,6.1898603439331055,GIST,GIST-009_CT
0.032380104064941406,0.13418874620242605,4.1441715101218515,0.1251375387785174,3.864641691117645,0.025919725513517733,0.800482835283818,0.05100938563538193,1.5753306345085054,0.08369287729044572,2.584699890883388,6.103214740753174,6.173554420471191,6.007660865783691,6.142702579498291,5.424827575683594,5.883216381072998,5.77521276473999,6.018555641174316,GIST,GIST-010_CT
0.008214950561523438,0.04418476581952291,5.378573090961862,0.03465863163916083,4.218965067403014,0.009735098913893125,1.1850451187178657,0.015246905266167232,1.8559925092738052,0.0275043652376894,3.3480824444261,6.075118064880371,6.139353275299072,6.035942554473877,6.148584842681885,5.599649429321289,5.981563568115234,5.802708625793457,6.054500102996826,GIST,GIST-011_CT
0.007655620574951172,0.03797854280833235,4.960864090359347,0.020501094189853575,2.6779105900083655,0.00758940863320845,0.9913499036957979,0.019618964477842837,2.562684325708594,0.02535794335869923,3.312325890132305,5.949030876159668,6.0234785079956055,5.865083694458008,6.027382850646973,5.320813179016113,5.782641410827637,6.028408050537109,6.196440696716309,GIST,GIST-012_CT
0.016494274139404297,0.061999317553443234,3.7588365175139016,0.04766307030212147,2.8896719554052046,0.016792647837831964,1.0180889146752896,0.030465308223114107,1.847022154197859,0.042751695451784144,2.591909724026868,6.0321502685546875,6.121535778045654,5.9765167236328125,6.139503479003906,5.438417911529541,5.929230690002441,5.894618988037109,6.151908874511719,GIST,GIST-013_CT
0.012602806091308594,0.06702768367824774,5.318468760682203,0.050977931749400796,4.0449635525949805,0.015420727909912557,1.2235938220623015,0.033796244334723724,2.681642268669696,0.03990258815076686,3.1661644398893736,5.728156089782715,5.944869518280029,5.778891086578369,6.058743476867676,5.485104560852051,5.86789608001709,5.856764793395996,6.075117588043213,GIST,GIST-014_CT
0.00325775146484375,0.01270459792812062,3.8997937894541224,0.0075740028686084315,2.3249102030162603,0.0036613678162211727,1.123890700940801,0.00804933932147378,2.470819121761527,0.009185279600274043,2.819506492233185,6.02150821685791,6.113492012023926,6.036318778991699,6.140318870544434,5.486253261566162,5.89947509765625,5.913215637207031,6.123116970062256,GIST,GIST-015_CT
0.04627656936645508,0.1556749135425548,3.3640108165687,0.14458211900023343,3.1243043669091493,0.049984538523005995,1.0801260423158834,0.0897568828517592,1.9395747066997369,0.10613172684233518,2.2934220354079984,6.039943695068359,6.13602876663208,5.946314811706543,6.130096435546875,5.446523666381836,5.853439807891846,5.861339092254639,6.1248321533203125,GIST,GIST-016_CT
0.0018296241760253906,0.009380094615835333,5.126759621539318,0.004338594910223037,2.3712909209249644,0.0016953547559808158,0.9266085965139342,0.006320074910831863,3.454283371860319,0.006304029402031119,3.4455135811496973,5.984750747680664,6.163885116577148,5.9966230392456055,6.090640068054199,5.507232666015625,5.864782333374023,6.013463973999023,6.1710429191589355,GIST,GIST-017_CT
0.06194114685058594,0.1672887479725489,2.7007688664272407,0.1668812749427957,2.6941904773484557,0.0653309226717056,1.054725581398107,0.11133474237536234,1.797427559254718,0.11824397635572836,1.9089726825889888,5.871816158294678,6.159497261047363,5.859464645385742,6.1249189376831055,5.631213665008545,5.981863975524902,5.923478126525879,6.153919219970703,GIST,GIST-018_CT
0.02673196792602539,0.08725702820805736,3.2641441067144803,0.07061755565973726,2.6416883874120773,0.02711100487800877,1.0141787844143912,0.04366469957926711,1.6334256933811306,0.06134293375100697,2.2947398026722694,5.928781986236572,6.025748252868652,5.851011753082275,6.012754440307617,5.514538764953613,5.851375579833984,5.900368690490723,6.148172378540039,GIST,GIST-019_CT
0.02672290802001953,0.1211087260450654,4.532017272752045,0.11466069848893312,4.290725227051731,0.02214642024128466,0.8287425880921245,0.046374529584880975,1.735384195324006,0.07467452589440882,2.79440014142416,6.067428112030029,6.155550003051758,6.024738311767578,6.18251895904541,5.45883846282959,5.814187526702881,5.794561862945557,6.083157062530518,GIST,GIST-020_CT
0.025391101837158203,0.08324421459860787,3.278478513760295,0.06858263069233317,2.7010487422597635,0.021427344539915794,0.8438915427310394,0.040679723815912894,1.6021245574752982,0.05639908945084926,2.2212138567446638,6.02665376663208,6.172450065612793,6.035945892333984,6.154784202575684,5.498173236846924,5.901092529296875,5.861071586608887,6.110629558563232,GIST,GIST-021_CT
0.013904571533203125,0.07769563359812537,5.587772160751035,0.056535393972751535,4.065954364591926,0.01563936338365579,1.1247633268437554,0.03649665727499496,2.624793647176192,0.04597248831686329,3.306283486999184,5.8205366134643555,5.926002502441406,5.876028060913086,6.125876426696777,5.426303386688232,5.810595989227295,5.893917083740234,6.116848945617676,GIST,GIST-022_CT
0.014663219451904297,0.059644636574148535,4.067633038805279,0.045051205039783326,3.072393103275935,0.01191810553666528,0.8127885862904156,0.0228890635783614,1.5609837964711673,0.037968903928288,2.5893957434702095,6.025968551635742,6.134302616119385,6.042375564575195,6.176169395446777,5.4672346115112305,5.866846084594727,5.934690475463867,6.145275115966797,GIST,GIST-023_CT
0.02419281005859375,0.09136631660453531,3.7765881109870967,0.0781007653721133,3.2282621531081253,0.023412278036801126,0.9677366251680377,0.04923982166536689,2.035307233555683,0.06107118665215694,2.5243517086575977,5.894165992736816,6.055222988128662,5.927114486694336,6.150528430938721,5.390890121459961,5.760649681091309,5.847009658813477,6.158585548400879,GIST,GIST-024_CT
0.051054954528808594,0.17285992477332002,3.3857613332740835,0.16198774101599156,3.172810764065605,0.053158979503365344,1.0412107812428217,0.08044290512330576,1.5756137697033272,0.1130813783382223,2.2148948565895936,6.099564552307129,6.181632041931152,6.038214683532715,6.1872758865356445,5.441166877746582,5.873410701751709,5.865462779998779,6.172549247741699,GIST,GIST-025_CT
0.02052783966064453,0.08435190728351927,4.109144828999629,0.06793810720427018,3.309557909249471,0.023125022388740035,1.1265194733511097,0.04208519801551347,2.0501513169300987,0.05688993142268828,2.7713536665146274,5.8451361656188965,6.051836013793945,5.846765995025635,6.098641395568848,5.3927202224731445,5.771134376525879,5.875374794006348,6.093905448913574,GIST,GIST-026_CT
0.027817726135253906,0.09275378592514016,3.3343398425435367,0.073559313819203,2.6443314244389566,0.03548673129992608,1.2756872495800662,0.05683854882306605,2.0432485428256526,0.06744855848592124,2.4246602296454487,5.882081508636475,6.0789690017700195,5.895442008972168,6.1561994552612305,5.446022033691406,5.9629411697387695,5.902555465698242,6.129638195037842,GIST,GIST-027_CT
0.0024738311767578125,0.015220170573797986,6.152444512927611,0.007054107450130687,2.8514795195444673,0.0024924977785190094,1.0075415519542965,0.008112045802931789,3.2791295897028205,0.00923627095755819,3.7335747518210285,5.86667537689209,6.103409767150879,5.974081993103027,6.0853424072265625,5.474251747131348,5.850976467132568,5.975220680236816,6.1522932052612305,GIST,GIST-028_CT
0.0186920166015625,0.07180284970297635,3.841362482170564,0.0647842161833978,3.4658743839997728,0.015228451335474347,0.8147030635084466,0.02595789504002255,1.3887148565181626,0.04497070688722715,2.4058764651805045,6.058660984039307,6.144145488739014,5.98786735534668,6.125945568084717,5.531409740447998,5.961889266967773,5.805418014526367,6.127973556518555,GIST,GIST-029_CT
0.059821128845214844,0.16475557337372493,2.7541363563810504,0.16874876516882864,2.8208885425177264,0.05784360194499527,0.9669425066390598,0.09354625106300318,1.5637658003310655,0.1160047880350703,1.9391939082809628,5.966317176818848,6.0792036056518555,5.954074859619141,6.175065040588379,5.620533466339111,5.994816780090332,5.883877754211426,6.145997524261475,GIST,GIST-030_CT
0.04531574249267578,0.13272711339442367,2.9289398518953393,0.12113882458334047,2.673216661312635,0.043127796930207296,0.9517175498117985,0.06500791304628706,1.4345544202712743,0.08925465920472675,1.9696166188380664,6.100044250488281,6.169101238250732,6.091792106628418,6.1855974197387695,5.429499626159668,5.824530124664307,5.826397895812988,6.100930690765381,GIST,GIST-031_CT
0.003734111785888672,0.02111053612043179,5.6534139299390205,0.01254115598072758,3.358528912506519,0.002864944870538011,0.7672339133031763,0.009299988196517006,2.4905422827026866,0.013974421150123817,3.7423581638214,5.9404144287109375,6.145407676696777,6.076208591461182,6.145984649658203,5.584923267364502,5.997544288635254,5.939589500427246,6.151791572570801,GIST,GIST-032_CT
0.004390716552734375,0.019197546050122583,4.372293701179613,0.013251844508772592,3.0181438879448903,0.004978082688523955,1.1337719688837824,0.007710592329772226,1.7561085249024142,0.013316894787635647,3.0329592671496246,6.149085998535156,6.2019453048706055,6.10857629776001,6.175713062286377,5.667027950286865,5.955567359924316,5.852383613586426,6.031285285949707,GIST,GIST-033_CT
0.012171745300292969,0.06424062990021184,5.277844346629742,0.04811499586423906,3.9530038747230614,0.009911645720961815,0.8143152303368476,0.02551473815196914,2.0962250326668177,0.03904247709959918,3.2076291493191165,6.061178207397461,6.164841651916504,6.049213409423828,6.17664098739624,5.479255676269531,5.865332126617432,5.862338542938232,6.121616363525391,GIST,GIST-034_CT
0.025334835052490234,0.07246499365714953,2.860289593522765,0.059520993341067197,2.349372700632195,0.02327237919044478,0.9185917317523625,0.045605530035118136,1.8001108726195045,0.05200589893911456,2.052741938281669,5.988262176513672,6.108724594116211,5.951206684112549,6.144471645355225,5.4220733642578125,5.846745014190674,5.9326863288879395,6.175088405609131,GIST,GIST-035_CT
0.0018739700317382812,0.008629691398596151,4.605007125178038,0.004179593912454038,2.230330015084044,0.0021170000229631114,1.1296812063677155,0.00570485311743596,3.044244346693602,0.006164074099046957,3.2892955072361345,6.001111030578613,6.179488658905029,6.026912212371826,6.090224266052246,5.617062568664551,5.911955833435059,6.03855037689209,6.154004096984863,GIST,GIST-036_CT
0.03406333923339844,0.11214589354798932,3.2922744260870416,0.10402845978512687,3.0539703853644853,0.028124682222767206,0.825658159156925,0.05681430903800333,1.667901434140188,0.07448054057621789,2.186530163721869,6.043482780456543,6.131504535675049,5.959890365600586,6.147579193115234,5.4732513427734375,5.930615425109863,5.816337585449219,6.122631072998047,GIST,GIST-037_CT
0.028278350830078125,0.08684303365632218,3.0710066321790492,0.0691898054483886,2.4467403137028803,0.028051001758825578,0.9919599628628148,0.05482848800383522,1.9388849422105539,0.06155267328585978,2.176670481564462,5.990453720092773,6.100979804992676,5.892435073852539,6.118887901306152,5.385608673095703,5.754482746124268,5.915745735168457,6.161165237426758,GIST,GIST-038_CT
0.026875019073486328,0.09113056521772478,3.390901083996594,0.07642861888282937,2.8438525098464114,0.027056875171183492,1.0067663591060656,0.054825870123920595,2.0400301697909335,0.06453001683189541,2.4011143078374477,5.92854118347168,6.036549091339111,5.797231674194336,6.016857624053955,5.380364894866943,5.8320817947387695,5.866244316101074,6.127667427062988,GIST,GIST-039_CT
0.055306434631347656,0.1689555133194176,3.0548973893659714,0.16714650736491876,3.0221886161559595,0.05536875460435908,1.001126631325278,0.08520576721107886,1.540611908413731,0.11830004728588506,2.1389920844565133,5.956075191497803,6.065399169921875,5.948183059692383,6.179806709289551,5.601495742797852,5.96068000793457,5.918523788452148,6.143096923828125,GIST,GIST-040_CT
0.0428619384765625,0.1500611501365654,3.501034261627674,0.12915771872908977,3.0133422142419626,0.04135326082243296,0.9648012349472513,0.08784156237112484,2.0494066530633295,0.1024896538900748,2.391157134308011,5.899084091186523,6.038846969604492,5.897700309753418,6.147680282592773,5.326655864715576,5.659714698791504,5.848036289215088,6.112907409667969,GIST,GIST-041_CT
0.031955718994140625,0.11244616869998936,3.518810937488154,0.087527655270776,2.7390285881703713,0.030023414003323978,0.9395315002461387,0.06150533089186183,1.92470435905685,0.07395777532150305,2.31438235488428,6.000694274902344,6.13351583480835,5.982871055603027,6.156534194946289,5.367859840393066,5.771954536437988,5.894618511199951,6.136415481567383,GIST,GIST-042_CT
0.002166748046875,0.010102434474106303,4.662465423251344,0.003963547202090467,1.829252328291514,0.0024641037081210015,1.1372306712670792,0.006667935946552461,3.07737910846542,0.0075319710788335215,3.4761477358750246,6.097528457641602,6.151885986328125,6.037917613983154,6.123237133026123,5.513024806976318,5.870787143707275,6.088197708129883,6.197844505310059,GIST,GIST-043_CT
0.07271051406860352,0.18597876382392542,2.557797048037387,0.1743893162306165,2.3984054366886074,0.09095282172603447,1.2508893711207345,0.11558913696519824,1.5897167355875208,0.13841509817146402,1.9036459982170837,5.965689659118652,6.112983703613281,5.872767925262451,6.121943473815918,5.5338287353515625,5.935323715209961,5.909998893737793,6.103119850158691,GIST,GIST-044_CT
0.07399368286132812,0.20467520067728628,2.766116850808743,0.20597714443820792,2.78371218509435,0.06482909235168677,0.8761434906780938,0.09888865412969494,1.336447071441921,0.14428482409721255,1.9499611185458376,6.050819396972656,6.142217636108398,6.078524589538574,6.19566535949707,5.646139144897461,5.986018180847168,5.91831111907959,6.133200645446777,GIST,GIST-045_CT
0.023010730743408203,0.08121332278017235,3.529365859438367,0.0622819845915501,2.706648398939168,0.025115398767297847,1.091464157862565,0.03857915146670621,1.6765714714228757,0.055870593325494156,2.428022372182833,6.032227516174316,6.135608673095703,5.985950469970703,6.141756057739258,5.561532020568848,5.966029644012451,5.923459053039551,6.15865421295166,GIST,GIST-046_CT
0.022183895111083984,0.07289423042746535,3.2859061586521303,0.06951645453528954,3.13364370191776,0.01780542433454002,0.8026280425101396,0.03245613422751603,1.4630487312758844,0.047442768971052374,2.138612148469208,5.99639892578125,6.128691673278809,6.065908432006836,6.181685447692871,5.550607681274414,5.974158763885498,5.7700347900390625,6.083134174346924,GIST,GIST-047_CT
0.06663846969604492,0.19277310767884615,2.8928197125464656,0.20346135771916352,3.053211277436139,0.053479125594662946,0.8025261956544456,0.09320666061614702,1.3986912822934487,0.13183102676799763,1.978301836556184,6.073399543762207,6.162509918212891,5.953149795532227,6.163339614868164,5.482367515563965,5.8578081130981445,5.82368278503418,6.0734663009643555,GIST,GIST-048_CT
0.052401065826416016,0.17563589157549586,3.3517611767611015,0.1500945846900379,2.864341663275039,0.05729442895426473,1.0933826844330152,0.09371146485366921,1.7883500171656423,0.12065632174031293,2.3025542860990007,5.964715957641602,6.110384941101074,5.9099931716918945,6.129810333251953,5.398869514465332,5.865537643432617,5.884552001953125,6.136293888092041,GIST,GIST-049_CT
0.012209892272949219,0.049599093187111976,4.06220230746627,0.037054406520894645,3.0347832187803747,0.00938729681371342,0.7688265314384028,0.022386880541091614,1.833502024884284,0.03322662420123379,2.721285024110854,5.992942810058594,6.134068012237549,6.048119068145752,6.150561332702637,5.494621276855469,5.845951080322266,5.940892696380615,6.133163928985596,GIST,GIST-050_CT
0.011441707611083984,0.04541546045533096,3.969286954900499,0.03042951954637374,2.659523734172186,0.011234668448736329,0.981904013943931,0.02583526796439628,2.25798860298464,0.03169568458855565,2.7701858816941045,6.027973175048828,6.10472297668457,5.9337158203125,6.130555629730225,5.292176246643066,5.79525089263916,5.836400508880615,6.061286449432373,GIST,GIST-051_CT
0.035920143127441406,0.11069551936265043,3.0817106756174697,0.10329902649255018,2.8757958276529254,0.029459436532647487,0.8201367190203257,0.060982992190872665,1.6977375339829595,0.07466518057356097,2.0786431591384305,6.048691749572754,6.174753189086914,5.99276065826416,6.170131683349609,5.539685249328613,5.862247467041016,5.848812103271484,6.138442039489746,GIST,GIST-052_CT
0.00152587890625,0.006636572556885767,4.349315687205369,0.002607844893645961,1.7090660289646895,0.0015568283507434444,1.0202763414601923,0.004505052268996224,2.9524117060840083,0.005036252775312278,3.300536988429447,6.000472068786621,6.081465244293213,5.908553123474121,6.020084381103516,5.483237266540527,5.8626861572265625,6.085146903991699,6.191718578338623,GIST,GIST-053_CT
0.0054302215576171875,0.024676306161552475,4.544245655038063,0.018684380367346876,3.440807296907551,0.004689773988559409,0.8636416216875483,0.010517161857876545,1.9367796283242713,0.015627945647906927,2.877951977201603,6.095944881439209,6.203409194946289,6.108793258666992,6.194608688354492,5.523299694061279,5.934356689453125,5.852171897888184,6.06314754486084,GIST,GIST-054_CT
0.047838687896728516,0.14742260135571428,3.0816599915399427,0.1350925422442799,2.8239176270204944,0.049419878530301276,1.0330523342626532,0.07487921587346591,1.5652436033085795,0.10455753926137845,2.1856267803754057,5.8878021240234375,6.070696830749512,5.915778160095215,6.1478986740112305,5.466501235961914,5.855551719665527,5.822547912597656,6.119011402130127,GIST,GIST-055_CT
0.0562443733215332,0.15295393923472034,2.719452684907682,0.13970045272984066,2.4838116177967984,0.044851644283170344,0.7974421912809712,0.07957470579972892,1.4148027074067622,0.10784359082470019,1.917410849865469,6.060152053833008,6.166238307952881,6.012845516204834,6.171680450439453,5.542874336242676,5.947480201721191,5.89250373840332,6.1577653884887695,GIST,GIST-056_CT
0.029883861541748047,0.11655691606313212,3.900328506642823,0.09054067059946647,3.029750361260264,0.031446886509769456,1.0523029610081767,0.05798537083700239,1.940356715695163,0.07926346509196946,2.6523827403433207,5.952724933624268,6.0504536628723145,5.9303107261657715,6.132418632507324,5.411013603210449,5.864897727966309,5.904204845428467,6.16579532623291,GIST,GIST-057_CT
0.06363391876220703,0.18963665663468987,2.9801186304768503,0.17726096573107952,2.7856360463532623,0.08734492923596804,1.372615693152727,0.100952190396697,1.5864522647021246,0.1285789930873591,2.020604347216162,5.953271865844727,6.137210369110107,5.810044288635254,6.137697696685791,5.556687355041504,5.955219268798828,5.9141035079956055,6.1206464767456055,GIST,GIST-058_CT
0.008953094482421875,0.047191097154836825,5.270919963850496,0.027834490331485995,3.108920529871509,0.009672824745564412,1.0803877877841819,0.02244797568573631,2.507284007442297,0.02978467959877662,3.326743215971011,5.903132915496826,5.989178657531738,5.8587470054626465,6.053571701049805,5.292783260345459,5.747461318969727,5.992755889892578,6.170523166656494,GIST,GIST-059_CT
0.044747352600097656,0.1682803691938375,3.760676817933181,0.15540061123940063,3.4728440339199227,0.05298836047793998,1.184167231295646,0.08547543116441148,1.9101780797294394,0.11184646173387591,2.4995095852561335,5.877678871154785,5.990684986114502,5.7939910888671875,6.077972412109375,5.431548118591309,5.783841609954834,5.856334686279297,6.075356960296631,GIST,GIST-060_CT
0.004100799560546875,0.02337802366082542,5.7008313396801045,0.012970606885460256,3.162938120864731,0.003418712225652598,0.8336676393225845,0.01184302128285708,2.887971535375986,0.016607685146482254,4.049855254499429,6.0394816398620605,6.165529251098633,6.03618860244751,6.1301164627075195,5.5673346519470215,5.983425617218018,5.962497234344482,6.096774101257324,GIST,GIST-061_CT
0.034682273864746094,0.12425458565147096,3.5826529226287045,0.11704956905958852,3.374909493159626,0.02999191272053281,0.8647617566794393,0.051810748164200504,1.493867830799493,0.07840704215632854,2.2607231537029158,6.045552730560303,6.17110538482666,6.060559272766113,6.165599822998047,5.385362148284912,5.853152275085449,5.741623401641846,6.059652805328369,GIST,GIST-062_CT
0.028909683227539062,0.10091772299415425,3.4907919015211517,0.08669694560245489,2.9988884669266676,0.03132193914382242,1.0834407303217413,0.06033941047607527,2.087168826080679,0.06963481743548527,2.4087013614226764,5.844964027404785,6.05100154876709,5.7397003173828125,6.03478479385376,5.355088233947754,5.78006649017334,5.863741874694824,6.0946245193481445,GIST,GIST-063_CT
0.037003517150878906,0.12423239493210758,3.357312248250281,0.10211899557251058,2.7597097745879355,0.04054840154341832,1.0957982837172648,0.07314697882171117,1.9767569324799834,0.0904026526927737,2.4430820425351385,5.852893829345703,5.992898941040039,5.861227035522461,6.14853048324585,5.342648983001709,5.678898811340332,5.907197952270508,6.135997772216797,GIST,GIST-064_CT
0.015103340148925781,0.06201178387283335,4.105829717338832,0.05421803039536144,3.589801591087238,0.011960263693367779,0.7918947502000705,0.028159372734904764,1.8644454678757207,0.04040137619830375,2.674994342310026,5.980633735656738,6.122827529907227,6.04608154296875,6.173973083496094,5.4048075675964355,5.844541072845459,5.685408592224121,6.029353141784668,GIST,GIST-065_CT
0.007793426513671875,0.03290496975296264,4.222138679802946,0.015413805759010302,1.9777932022632327,0.007571070083855602,0.9714674740178894,0.020362495514063994,2.6127749264836457,0.025186411941774622,3.231746598254902,6.0157270431518555,6.088685035705566,6.000164985656738,6.098941802978516,5.452766418457031,5.8764567375183105,6.104165077209473,6.212547302246094,GIST,GIST-066_CT
0.011543750762939453,0.05725275436850552,4.959627589677017,0.04408920900937119,3.819310700800118,0.012221520222169602,1.0587121886141346,0.021238750956854346,1.8398467703038401,0.03420736503301214,2.9632773699566624,6.030784606933594,6.139070510864258,6.0479536056518555,6.1676483154296875,5.533844947814941,5.964540481567383,5.946264266967773,6.14959716796875,GIST,GIST-067_CT
0.0337529182434082,0.11518012730149962,3.412448439165979,0.08974032605104298,2.6587419439250835,0.036159215232373754,1.071291206843231,0.06388787961134312,1.892809985273504,0.0794528212306318,2.353953430578237,6.071457862854004,6.150481700897217,5.999166965484619,6.15773868560791,5.363564968109131,5.760051250457764,5.895565509796143,6.136273384094238,GIST,GIST-068_CT
0.00174713134765625,0.00922309496388607,5.278963248313389,0.00472113115938555,2.7022033252883855,0.001382666079308592,0.791387646548121,0.006262051312205585,3.5841698329708604,0.0068479825025633545,3.9195354810586824,5.946959972381592,6.130977630615234,6.068398475646973,6.155424118041992,5.451170921325684,5.862364292144775,5.95078182220459,6.098877906799316,GIST,GIST-069_CT
0.003911495208740234,0.02199264334296913,5.622552487933981,0.009149066486884294,2.339014266538815,0.00402995289286423,1.0302818679262717,0.02291299207342945,5.857845215757481,0.01502104115286329,3.8402201585463485,5.713041305541992,5.938296318054199,5.823068141937256,5.9834089279174805,5.379674434661865,5.79890251159668,6.105589866638184,6.209674835205078,GIST,GIST-070_CT
0.011606216430664062,0.040539142180080034,3.4928787941767343,0.02864729675405897,2.468269676212054,0.010949955131053457,0.9434552390019969,0.02369897020071221,2.0419186496395323,0.028141556991727157,2.42469481013882,6.046053409576416,6.163252830505371,6.002336502075195,6.143700122833252,5.3681769371032715,5.843811988830566,5.8279314041137695,6.064964771270752,GIST,GIST-071_CT
0.06532001495361328,0.18471670194759326,2.8278724951309955,0.1698130381543308,2.599708715281765,0.07829354033830782,1.198614672819057,0.12060194926641543,1.8463242987439206,0.1345904183821176,2.060477142770481,5.99467658996582,6.120138168334961,5.851369380950928,6.153383255004883,5.495561599731445,5.8718037605285645,5.9114484786987305,6.140488624572754,GIST,GIST-072_CT
0.04394102096557617,0.13486811509673657,3.0692979234463924,0.10878820171862458,2.475777179735503,0.03454754841337149,0.7862252581291588,0.06562006623022398,1.4933665594153076,0.0967141341803881,2.2009982937395094,6.063626289367676,6.15028715133667,6.079428195953369,6.191920757293701,5.406586647033691,5.869168758392334,5.837963104248047,6.142437934875488,GIST,GIST-073_CT
0.04456663131713867,0.14011857709354558,3.1440237126341666,0.12843761347210148,2.881922659554539,0.04528798370759546,1.016185702335603,0.07921407111385292,1.7774296822181692,0.09992387025209837,2.24212252256199,5.906620979309082,6.075534820556641,5.813277721405029,6.027778625488281,5.429247856140137,5.8387837409973145,5.830989837646484,6.1284966468811035,GIST,GIST-074_CT
0.019498348236083984,0.0698032050060533,3.579952945826707,0.059914063182162636,3.0727747668152223,0.01575535619360835,0.8080350151968808,0.03168526580071784,1.6250222412100606,0.04495796664264162,2.3057308773536462,6.025910377502441,6.134030342102051,6.030620574951172,6.182828903198242,5.44448709487915,5.92564058303833,5.850564956665039,6.130775451660156,GIST,GIST-075_CT
0.0355687141418457,0.11759609853774577,3.3061657783613594,0.09435576929485023,2.6527735130044503,0.03804320745263112,1.0695690770609974,0.06427648227975169,1.8071067723267598,0.08270666055972242,2.3252636285151462,5.963273525238037,6.109668731689453,5.876374244689941,6.103802680969238,5.453225135803223,5.948390960693359,5.889530181884766,6.149980545043945,GIST,GIST-076_CT
0.009354114532470703,0.038530950161089095,4.119140174725889,0.029031367732272884,3.1035900400403196,0.009480325477227325,1.0134914757996372,0.01940224196818008,2.074191112255309,0.024830195960589663,2.6544649768556448,5.9940385818481445,6.118610382080078,5.962017059326172,6.16575813293457,5.303042411804199,5.83920431137085,5.8573713302612305,6.128938674926758,GIST,GIST-077_CT
0.0011820793151855469,0.006831819095850733,5.779444080990086,0.0033117285128696494,2.801589076498694,0.0011567807659105256,0.9785899855874692,0.0031442155078593714,2.659879814044203,0.0048542119502599235,4.10646800364487,5.95393705368042,6.073969841003418,5.922781944274902,6.024240493774414,5.384613513946533,5.734384536743164,6.048238277435303,6.178195953369141,GIST,GIST-078_CT
0.011542797088623047,0.041651004653488144,3.6083947633969107,0.030403008171617785,2.633935397013084,0.0088872028015885,0.7699342745100546,0.015687033799167693,1.3590310986509795,0.028875746943867853,2.5016225881769,6.004493236541748,6.130425453186035,6.084329128265381,6.196700096130371,5.475740432739258,5.9037675857543945,5.908966064453125,6.139815330505371,GIST,GIST-079_CT
0.03367328643798828,0.13252453399547903,3.935597283726949,0.10273805883900877,3.051024690386581,0.03402397229183407,1.010414063692623,0.06059964818788899,1.7996351589600814,0.08764604935953457,2.6028354402706273,5.95360803604126,6.057208061218262,5.982185363769531,6.1740875244140625,5.332173824310303,5.793985843658447,5.913924217224121,6.1700873374938965,GIST,GIST-080_CT
0.046674251556396484,0.14696434074460285,3.148723425801304,0.12345671421124393,2.6450705398321355,0.049095134976425925,1.0518674177009593,0.08234453646173279,1.764238655650415,0.10320893990447644,2.2112602634273952,6.052555084228516,6.152122974395752,5.976741313934326,6.126203536987305,5.451725959777832,5.842029571533203,5.902463912963867,6.136664390563965,GIST,GIST-081_CT
0.0377192497253418,0.11630632668010321,3.0834732051213205,0.10752205448756058,2.8505876114880793,0.0466196277239419,1.2359634855882489,0.06162962934956795,1.6339034699602522,0.08309172508020879,2.2028991471532873,5.9830322265625,6.101837635040283,5.91209602355957,6.136363506317139,5.535312652587891,5.92713737487793,5.895094871520996,6.136777400970459,GIST,GIST-082_CT
0.008707523345947266,0.03705322715177317,4.255306948553783,0.031656075744223244,3.635481425857173,0.00824001963479759,0.9463092827123919,0.019689499655441978,2.2612029001997485,0.02420710426798678,2.780018554767115,5.960873126983643,6.056249618530273,5.922212600708008,6.103740692138672,5.354011535644531,5.774251461029053,5.787160396575928,6.116950988769531,GIST,GIST-083_CT
0.041574954986572266,0.12312684165382848,2.9615621250335518,0.1166238854065682,2.80514693023157,0.03297225530440073,0.7930795687993963,0.06459932187223671,1.553803398105104,0.08498055173151897,2.0440318292262107,6.078129291534424,6.163417816162109,6.021062850952148,6.155135154724121,5.543562889099121,5.900945663452148,5.901069641113281,6.15270471572876,GIST,GIST-084_CT
0.03600502014160156,0.12149920102740452,3.374506299524515,0.08769390435168134,2.4356014703166853,0.03590678151846305,0.9972712528568336,0.0627072560148747,1.741624872087536,0.08582208303818106,2.3836136978821467,5.927938461303711,6.029900550842285,5.878732204437256,6.081235885620117,5.291838645935059,5.7540154457092285,5.897763252258301,6.133350372314453,GIST,GIST-085_CT
0.08390378952026367,0.22491429714511924,2.680621121225863,0.22584739211367832,2.6917421309285734,0.08621050134777875,1.0274922213380573,0.1493886495869532,1.7804753830114002,0.1624270636356755,1.93587256553796,5.994721412658691,6.121571063995361,5.8788862228393555,6.143726825714111,5.495959758758545,5.915442943572998,5.88619327545166,6.136255264282227,GIST,GIST-086_CT
0.015796661376953125,0.11244749681304711,7.118429834345017,0.09380461729358558,5.938252120028509,0.016317873639280833,1.0329944359726395,0.049212747855904126,3.115387202882758,0.06129973949651912,3.880547872000023,5.772903919219971,5.910823345184326,5.8668694496154785,6.0820207595825195,5.407772541046143,5.851809024810791,5.827974319458008,6.078954696655273,GIST,GIST-087_CT
0.01521444320678711,0.06974056863435862,4.583836677301529,0.06280300501339298,4.127851600041518,0.011986761829803072,0.7878536064941081,0.02354946051300999,1.5478348247510245,0.04081956447942048,2.682946532788377,6.06656551361084,6.161245346069336,6.039363384246826,6.146726608276367,5.510160446166992,5.919624328613281,5.850746154785156,6.113472938537598,GIST,GIST-088_CT
0.0031566619873046875,0.01620132941582142,5.1324082707924505,0.0053463292644551075,1.6936600590611415,0.003125201220825602,0.990030397011266,0.011436505138192388,3.6229627861833706,0.011880326821028575,3.763560759181871,5.962821960449219,6.094718933105469,5.91136360168457,6.007964134216309,5.400311470031738,5.775014877319336,6.122554779052734,6.196362495422363,GIST,GIST-089_CT
0.01382303237915039,0.041832153005941564,3.0262623710853953,0.041047749751726315,2.969516306601184,0.014620580648823989,1.0576962905703409,0.024818666794033106,1.7954561747902666,0.029762463228564684,2.1531051133472676,5.9004058837890625,6.036025047302246,5.884467601776123,6.153980255126953,5.468340873718262,5.867717266082764,5.832822799682617,6.075102806091309,GIST,GIST-090_CT
0.024437904357910156,0.0746834784625321,3.0560496026273314,0.050740682167514706,2.076309844792085,0.024395412888338797,0.9982608389182114,0.057994502925680536,2.3731363518306403,0.058753757415729524,2.40420506247956,5.934893608093262,6.037073135375977,5.899453163146973,6.084543228149414,5.477960586547852,5.859410285949707,5.968615531921387,6.182268142700195,GIST,GIST-091_CT
0.0023584365844726562,0.011149446795002405,4.727453599503674,0.004730786148797961,2.0058907333089993,0.0023945295824319146,1.0152994764421712,0.0062275979013861615,2.6405507516629383,0.008010739476162598,3.396616878628092,6.040829658508301,6.127108573913574,5.871025562286377,5.98436975479126,5.444007873535156,5.8532328605651855,6.117822647094727,6.210392951965332,GIST,GIST-092_CT
0.0027532577514648438,0.013183479234953666,4.788302637089891,0.007436951877878073,2.701136449196171,0.0020939201287717424,0.7605217936605319,0.005830529621732694,2.117676211705392,0.010544377634914781,3.829768328672273,5.921742916107178,6.130035400390625,6.126744270324707,6.172910690307617,5.751094818115234,6.045616149902344,5.993415832519531,6.1161394119262695,GIST,GIST-093_CT
0.003991603851318359,0.01980115841524821,4.9606898745248715,0.014259596361398508,3.5723887361220616,0.0033415785762542782,0.8371497596518797,0.007028568370941457,1.760833746135049,0.011976285594130331,3.000361768504931,5.996912002563477,6.147629261016846,5.988234519958496,6.1060872077941895,5.6141037940979,6.033010959625244,5.896086692810059,6.092748641967773,GIST,GIST-094_CT
0.007470607757568359,0.03472746811360139,4.64854035376386,0.024848495380183522,3.326163402619539,0.005970437695395958,0.7991892891785832,0.017576283767141376,2.3527216004774347,0.023853390317810863,3.1929608891641372,5.975511074066162,6.124484062194824,6.02694034576416,6.140972137451172,5.477405548095703,5.856488227844238,5.976784706115723,6.145315170288086,GIST,GIST-095_CT
0.00930166244506836,0.05106183254423513,5.489532430407989,0.039923376471847405,4.292064325809959,0.010742322477085509,1.1548807529532998,0.022824927515841864,2.453851998190216,0.03194813308164157,3.4346654615407477,5.837017059326172,5.990625858306885,5.809317588806152,6.078599452972412,5.367922782897949,5.750354766845703,5.805458068847656,6.051889419555664,GIST,GIST-096_CT
0.04693412780761719,0.17153110052788634,3.654719326708238,0.15294916739202336,3.258804242211954,0.052948598507668976,1.1281468240602401,0.10163568991970351,2.165496047595627,0.11547247052089915,2.460308762764968,5.889193534851074,6.016580104827881,5.855864524841309,6.1187520027160645,5.361227035522461,5.748186111450195,5.806145668029785,6.087802410125732,GIST,GIST-097_CT
0.06793355941772461,0.18744750164344737,2.759276499823374,0.19373572121321558,2.8518407449184884,0.06336636706799936,0.9327695807997156,0.0761763316832571,1.121335627381032,0.1280985566702384,1.8856444283467326,6.061501502990723,6.161312103271484,5.924896240234375,6.104226112365723,5.540898323059082,5.938559055328369,5.885309219360352,6.128838539123535,GIST,GIST-098_CT
0.006633758544921875,0.025079443592176176,3.7805725994727983,0.02062346536899895,3.108861159285718,0.0075191138605532615,1.1334603867524313,0.010155753586957417,1.5309176855034545,0.01679205905963954,2.5313001118336875,6.085317134857178,6.185311317443848,6.036189079284668,6.164068222045898,5.703043460845947,6.068366050720215,5.994589805603027,6.1687822341918945,GIST,GIST-099_CT
0.009494781494140625,0.034529234720594104,3.636650129905707,0.027100190515909617,2.854216496763888,0.008164266271734277,0.8598678840680773,0.016319713944824343,1.7188069853767172,0.022575233844520426,2.3776439807500704,6.0271501541137695,6.153434753417969,6.080974578857422,6.178170204162598,5.529123306274414,5.95313835144043,5.929164886474609,6.135031223297119,GIST,GIST-100_CT
0.004006862640380859,0.025099980295408386,6.264232120196013,0.008944069130905064,2.23218203662568,0.0039227505597523304,0.979005551666216,0.02017856640111404,5.035988964998906,0.016479382417628585,4.11277919132019,5.880788803100586,6.101496696472168,5.793937683105469,5.950005531311035,5.411708831787109,5.819525718688965,6.086145401000977,6.1945343017578125,GIST,GIST-101_CT
0.04618644714355469,0.137788080613916,2.9833004983614404,0.12203831718073843,2.6422965676155754,0.03733830646177694,0.8084254296822048,0.06561170795478688,1.4205832621206578,0.09604353494802353,2.07947396028895,6.047893524169922,6.154305934906006,5.962438583374023,6.128042221069336,5.4421772956848145,5.872321128845215,5.841859340667725,6.0771894454956055,GIST,GIST-102_CT
0.030879974365234375,0.09115090831929251,2.9517796136552765,0.07327026708850326,2.3727430111976724,0.02606671018966722,0.8441296433755294,0.043768933637466034,1.4173884649612203,0.06287528744175575,2.036117852201462,6.110834121704102,6.179541110992432,6.08510684967041,6.186760902404785,5.448092937469482,5.950024604797363,5.90712833404541,6.148566246032715,GIST,GIST-103_CT
0.02183246612548828,0.10676902836951285,4.890376508639144,0.0879964180501247,4.03052853667814,0.023080904112987355,1.0571821528773642,0.04492336559599153,2.05763951545312,0.06526175094751352,2.9892051901215093,5.936944007873535,6.061559677124023,5.948023796081543,6.167093276977539,5.448261737823486,5.926194667816162,5.914759635925293,6.155769348144531,GIST,GIST-104_CT
0.014240741729736328,0.0637522975038678,4.4767508565398035,0.05073261121492578,3.5624953076732777,0.016151752791472518,1.134192428742775,0.02355361583300919,1.6539587431909601,0.04181541166593661,2.936320529949358,5.8720173835754395,6.034934997558594,5.807070255279541,6.022961616516113,5.315196514129639,5.816644191741943,5.865422248840332,6.128910064697266,GIST,GIST-105_CT
0.0867452621459961,0.22059604823306245,2.543032522415627,0.24075375770320306,2.7754107140041473,0.07042760670736925,0.8118898582603615,0.11456985772886696,1.3207619838466917,0.15682266775152698,1.8078526226488467,6.009084701538086,6.113489151000977,6.028160095214844,6.172926902770996,5.645538806915283,5.950137138366699,5.8410844802856445,6.061002731323242,GIST,GIST-106_CT
0.04678487777709961,0.13857673566633366,2.9619978213170914,0.12090960027475717,2.5843729892185467,0.04811551107769674,1.0284413058108999,0.08221306457627975,1.7572568511433218,0.09975508417886658,2.1322074053941615,5.878852367401123,6.014622688293457,5.942050933837891,6.170403957366943,5.462774276733398,5.902706146240234,5.881372928619385,6.131546497344971,GIST,GIST-107_CT
0.023003101348876953,0.0816223593117229,3.548318228512502,0.0773813954237994,3.3639534343938773,0.023807024455408055,1.0349480161330589,0.0408878020897987,1.7774900738284214,0.055272090312030286,2.4028093188675865,5.85856819152832,6.015283584594727,5.858283996582031,6.084107398986816,5.395210266113281,5.708597183227539,5.813641548156738,6.120400905609131,GIST,GIST-108_CT
0.08179426193237305,0.1966284336402282,2.403938918886634,0.19397043091706223,2.371442722510394,0.1131107582682489,1.3828689417489788,0.15250286807520297,1.8644688004716434,0.15099168181751565,1.8459933470934806,5.9379119873046875,6.108038902282715,5.870562553405762,6.131292343139648,5.56398344039917,5.986667633056641,5.920022964477539,6.176556587219238,GIST,GIST-109_CT
0.007112026214599609,0.02496040063874716,3.5095997665912293,0.018334254075170975,2.5779191109199306,0.0065523376214287055,0.9213026232878352,0.013261734290210825,1.8646888022008516,0.016997635987138437,2.3899816415790514,6.014059066772461,6.15960168838501,6.013663291931152,6.145838260650635,5.496938228607178,5.938089370727539,5.963210105895996,6.157188892364502,GIST,GIST-110_CT
0.006928443908691406,0.031947425346970704,4.611046817659308,0.022673776836853676,3.2725593813087985,0.005435140022001406,0.7844665048840533,0.011468772625903512,1.6553148475905277,0.020893456669170973,3.015601596621889,6.019743919372559,6.133498191833496,6.09899377822876,6.180506706237793,5.446255207061768,5.882956504821777,5.8364458084106445,6.064487457275391,GIST,GIST-111_CT
0.0657649040222168,0.201949043560802,3.0707718023105652,0.1886512141887522,2.8685693122783036,0.05343528062743985,0.8125195846738015,0.1053702922013997,1.6022265636324464,0.1380166653847823,2.098636749348708,6.081387519836426,6.159635066986084,5.940758228302002,6.130687713623047,5.436150550842285,5.795175552368164,5.808444023132324,6.099881649017334,GIST,GIST-112_CT
0.07438278198242188,0.2089932395984988,2.809698776134782,0.21266743716483916,2.859094576808796,0.09027626982788206,1.2136714342373185,0.14444850085081384,1.9419612655162217,0.15201131703733495,2.043635537010472,5.974203109741211,6.085147380828857,5.8879804611206055,6.121975898742676,5.559483528137207,5.901632308959961,5.85380744934082,6.102314472198486,GIST,GIST-113_CT
0.006412506103515625,0.03395130851697559,5.29453773977456,0.02204280162845862,3.437465305759432,0.0063856571697158415,0.99581148283042,0.015589953991081984,2.431175803603032,0.021465352808718308,3.347415033694816,5.955722332000732,6.137730598449707,5.933399200439453,6.074273109436035,5.42280387878418,5.848400592803955,5.919267654418945,6.15052604675293,GIST,GIST-114_CT
0.0430450439453125,0.12543822816675743,2.9141147860128847,0.11831752649405303,2.7486903987708327,0.037211942082393534,0.8644882204043752,0.056540494029945876,1.3135189492799555,0.08201249010431866,1.9052709332996343,6.068978786468506,6.156556129455566,6.077618598937988,6.173937797546387,5.44640588760376,5.845877647399902,5.802992820739746,6.121588706970215,GIST,GIST-115_CT
0.0072078704833984375,0.0333800941808704,4.631055447957712,0.018740232316986294,2.599964352925907,0.007086199871849885,0.9831183921780039,0.018447511124008997,2.5593530811863845,0.023029292611624896,3.195015880835865,6.006819725036621,6.10602331161499,5.983421325683594,6.114720344543457,5.478531837463379,5.914876461029053,6.0492167472839355,6.2017717361450195,GIST,GIST-116_CT
0.01425933837890625,0.051047224312185335,3.579912837230285,0.043351892299540395,3.0402435754827715,0.013985727660525527,0.9808111344845541,0.021300879685782093,1.4938185897254834,0.03315879049779369,2.3254071375972023,6.060341835021973,6.182614326477051,6.074862480163574,6.180001258850098,5.541199207305908,5.964277267456055,5.9413909912109375,6.1686482429504395,GIST,GIST-117_CT
0.056391239166259766,0.15461890259300048,2.7418953273606976,0.13692019750158124,2.4280398027342134,0.048864494715274986,0.8665261975525057,0.06893832768987807,1.2225004536896393,0.11133728931235964,1.9743717502001252,6.086491584777832,6.160924911499023,6.0069475173950195,6.1482391357421875,5.532845973968506,5.955613613128662,5.917207717895508,6.143726825714111,GIST,GIST-118_CT
0.008334636688232422,0.03506532043786592,4.207175390814609,0.01942913864803586,2.3311292457624635,0.008491696674525429,1.0188430286450827,0.017901874402696194,2.1478864158659077,0.024706312769069427,2.9642903524575246,5.943062782287598,6.1004862785339355,6.0089921951293945,6.1446943283081055,5.523813247680664,5.945799827575684,6.068007946014404,6.206971645355225,GIST,GIST-119_CT
0.0016837120056152344,0.008558451734984374,5.083055104371047,0.004658447669498855,2.766755826652424,0.0014774101799162054,0.8774668116167774,0.005836131286059754,3.46620835660292,0.0058416194460733095,3.469467897070558,6.019378185272217,6.160923004150391,6.027992248535156,6.130174160003662,5.561281204223633,5.956709384918213,5.969761848449707,6.1225409507751465,GIST,GIST-120_CT
0.0026922225952148438,0.014352021764238998,5.330899636884341,0.011686081615209787,4.340665675016546,0.002144358440745009,0.7964982091652769,0.0066886809004813585,2.4844364905059746,0.008991419308017612,3.339763185394494,5.992055892944336,6.093748092651367,6.042513370513916,6.113839626312256,5.533437728881836,5.963221073150635,5.8531975746154785,6.073491096496582,GIST,GIST-121_CT
0.05251121520996094,0.18365926029517254,3.4975238067828194,0.15978339886422077,3.0428427107793174,0.054431894292861216,1.0365763524888378,0.10229316002440214,1.9480246293129337,0.12752782349411973,2.428582136185403,5.898455619812012,6.029223442077637,5.8954691886901855,6.142123222351074,5.357909202575684,5.735317230224609,5.849696636199951,6.140194416046143,GIST,GIST-122_CT
0.00030612945556640625,0.00210603245409402,6.87932383690148,0.0012691967483533517,4.145812391301009,0.00030293008512671804,0.9895166389652377,0.0010982815299485083,3.5875203603420354,0.001411006186231134,4.609030821004598,6.116305351257324,6.211627006530762,6.04429817199707,6.167916297912598,5.549385070800781,5.906391143798828,5.8794355392456055,6.079805374145508,GIST,GIST-123_CT
0.004271507263183594,0.01804409790634054,4.224283034476639,0.010152091095108062,2.3766943850629865,0.004446638116746726,1.0409973418748666,0.009941573791195424,2.327410420854976,0.012271230718170045,2.872803728065518,5.961760520935059,6.047116279602051,5.891582489013672,6.04497766494751,5.471508979797363,5.908515930175781,6.083698272705078,6.206864356994629,GIST,GIST-124_CT
0.04268932342529297,0.16383372206183822,3.837814013857815,0.1433873886354604,3.358857520846295,0.04360098007413171,1.0213553732440948,0.08478682964596373,1.9861361807005506,0.10779348677323242,2.525068398218791,5.926953315734863,6.031820774078369,5.897871017456055,6.133893013000488,5.386420726776123,5.775254249572754,5.859413146972656,6.157722473144531,GIST,GIST-125_CT
0.06384801864624023,0.17864296885790054,2.7979402441334447,0.18867738133340595,2.9551011258123854,0.07657159297821181,1.1992788908561052,0.10322737770187018,1.6167668742572658,0.12702382340083318,1.989471344599034,5.978571891784668,6.098684310913086,5.948633193969727,6.177322864532471,5.517417907714844,5.933816909790039,5.865781307220459,6.099155902862549,GIST,GIST-126_CT
0.03755664825439453,0.13317056705619734,3.5458577319140194,0.10319341988284236,2.7476731072250717,0.03836565702562211,1.0215407549241398,0.08240750316019785,2.1942182023224945,0.09319757499199,2.4815193716305917,5.989243507385254,6.057155609130859,5.943566799163818,6.162095069885254,5.3775835037231445,5.76008415222168,5.894377708435059,6.144313812255859,GIST,GIST-127_CT
0.002407073974609375,0.012962762609049605,5.385255664440715,0.00644710897756795,2.6783897219930584,0.002477480698019008,1.029245645001254,0.007351818723179804,3.0542427271873085,0.008500745563083001,3.531553386899397,6.00253963470459,6.117138385772705,5.861559867858887,6.009825706481934,5.472445011138916,5.877599716186523,6.079933166503906,6.204225540161133,GIST,GIST-128_CT
0.05594921112060547,0.16814630616428872,3.0053377472731664,0.1607940489994064,2.8739282831622437,0.06851626602738747,1.2246151895428925,0.08932476334132389,1.5965327408003287,0.11677686624028638,2.0871937785971926,5.952401161193848,6.099072456359863,5.893414497375488,6.1465325355529785,5.55190372467041,6.002926826477051,5.871790885925293,6.143543243408203,GIST,GIST-129_CT
0.008507251739501953,0.03908176706613631,4.593930251924316,0.03156644067001935,3.7105289147795,0.006847704226885298,0.8049245969580558,0.01753317709875546,2.060965988308938,0.023351159577202907,2.7448502576070934,6.050719738006592,6.161489486694336,6.001108646392822,6.151954174041748,5.546567916870117,5.968097686767578,5.88884162902832,6.103573799133301,GIST,GIST-130_CT
0.025943756103515625,0.12775029799030335,4.924123100731777,0.10658971343258372,4.1084903790487,0.03416862718037805,1.3170264889085583,0.05740080352913424,2.2125085193917116,0.07802283928015186,3.0073829284784916,5.802723407745361,5.960630416870117,5.7214579582214355,6.0519256591796875,5.407703876495361,5.806754112243652,5.849585056304932,6.101420879364014,GIST,GIST-131_CT
0.09086990356445312,0.2463205626171998,2.710694364669854,0.23793765448098725,2.618442619208837,0.1113936400676323,1.225858325358942,0.16297526019856434,1.7935007727609162,0.17956011832984586,1.9760128659359368,5.945923805236816,6.118458271026611,5.844362258911133,6.098659992218018,5.544431209564209,5.883472442626953,5.906312942504883,6.137984275817871,GIST,GIST-132_CT
0.012670516967773438,0.06106681721729501,4.819595694213351,0.04923269230550886,3.885607317732611,0.014515247575218382,1.1455914668850677,0.023638365887194368,1.8656182136162789,0.03781188888081033,2.984239643464089,6.029425621032715,6.1639628410339355,6.046799659729004,6.1558074951171875,5.486114501953125,5.871110439300537,5.9588212966918945,6.166339874267578,GIST,GIST-133_CT
0.0038022994995117188,0.016968885714504722,4.46278392558097,0.010342258200125798,2.7199937831083765,0.0043863517641398175,1.1536019791926722,0.007875642179783426,2.0712785691945363,0.011847850264757653,3.1159615665897578,6.075446128845215,6.166542053222656,6.082557201385498,6.148937225341797,5.646273612976074,5.989858627319336,5.9419965744018555,6.121312141418457,GIST,GIST-134_CT
0.0053539276123046875,0.026222679762440748,4.897830654988297,0.014509578203728779,2.7100760700651687,0.005575664999867058,1.0414138907881156,0.013811710806066912,2.579729501203777,0.017854388273860877,3.3348144051635993,5.897036552429199,6.057395935058594,5.947466850280762,6.119688987731934,5.511998176574707,5.94489860534668,6.00673770904541,6.194919586181641,GIST,GIST-135_CT
0.0019378662109375,0.011670824893940335,6.022482152404491,0.004246114984312044,2.19111776095227,0.0020885417063425393,1.0777477397961095,0.006258569264332436,3.229602194922804,0.0074403540044158945,3.8394371954318083,5.871670246124268,6.043553352355957,5.888903617858887,6.011720657348633,5.420689582824707,5.865479469299316,6.087194442749023,6.197997093200684,GIST,GIST-136_CT
0.03275489807128906,0.11401798632095961,3.4809435603606764,0.08550451354082611,2.6104336289001555,0.03285971206736349,1.0031996425038447,0.062472497018518425,1.9072713280877125,0.08192847293048544,2.50125791078922,5.948640823364258,6.042112350463867,5.881860256195068,6.101848125457764,5.340628147125244,5.785441875457764,5.942322254180908,6.17130184173584,GIST,GIST-137_CT
0.005723476409912109,0.030194595565376403,5.275559930234913,0.020743034336817345,3.6241956128163286,0.006417234163507146,1.1212106929080121,0.012061434244230895,2.107357889999098,0.019266440398553186,3.3662070665856696,5.970587730407715,6.077465057373047,5.975948333740234,6.118134498596191,5.530727863311768,5.989485740661621,5.978782653808594,6.190603256225586,GIST,GIST-138_CT
0.003883838653564453,0.020725993826772537,5.33645764176495,0.00598784847340994,1.5417306407947986,0.0037520704436531105,0.9660701995196437,0.013645667382320426,3.5134395285452062,0.015276273057565959,3.933282272352698,5.958786964416504,6.101318359375,5.9563703536987305,6.063789367675781,5.3390021324157715,5.748737335205078,6.131844520568848,6.214069366455078,GIST,GIST-139_CT
0.012567520141601562,0.05453267337645684,4.339171878803816,0.04039781104461326,3.2144590535642914,0.0120829954887256,0.9614455149566712,0.023286270064943437,1.8528915230416083,0.034776900302290414,2.7672024582754307,5.819098949432373,6.023530006408691,5.948119163513184,6.121133804321289,5.500868797302246,5.940906524658203,5.953845024108887,6.154870986938477,GIST,GIST-140_CT
0.0347743034362793,0.13110116839493458,3.770057707542244,0.09155204798722139,2.6327492605995517,0.03503639059982788,1.0075365158259362,0.06717272487620107,1.9316765232270898,0.0920120181689299,2.645976557884698,5.988076210021973,6.085000038146973,5.962721824645996,6.154640197753906,5.30435848236084,5.751765251159668,5.963813781738281,6.165015697479248,GIST,GIST-141_CT
0.014400482177734375,0.05847839174191449,4.060860630328461,0.04942951133858742,3.432487635041662,0.0137901190286982,0.9576144244583588,0.02899138275347468,2.0132216590694254,0.03768133775673732,2.616670131247258,6.01833438873291,6.150630950927734,5.9760942459106445,6.1306891441345215,5.437948226928711,5.893216609954834,5.839273452758789,6.144113063812256,GIST,GIST-142_CT
0.052217960357666016,0.16022341192112322,3.0683577094949483,0.15186002033823343,2.9081946176396944,0.05410319954125953,1.0361030727674911,0.08390560181004503,1.6068338396788533,0.11041218231315497,2.1144479870988624,5.97836446762085,6.0818281173706055,5.94473934173584,6.162054538726807,5.5142717361450195,5.952227592468262,5.896675109863281,6.132274150848389,GIST,GIST-143_CT
0.051598548889160156,0.19674239664146853,3.8129436340285126,0.19142727259375647,3.7099344771423755,0.05081802453958062,0.9848729428421399,0.07401502557678441,1.4344397822384436,0.12084882327249602,2.342096870032624,6.066069602966309,6.151081085205078,6.0250959396362305,6.173709869384766,5.4759697914123535,5.926119804382324,5.8241682052612305,6.112898826599121,GIST,GIST-144_CT
0.03961515426635742,0.13770165789378552,3.475983513988015,0.11949613493993638,3.0164240677254153,0.03889673026509399,0.9818646719111663,0.08114991019726858,2.048455729014455,0.09580056788394131,2.418280213097551,5.978981971740723,6.07517147064209,5.91730260848999,6.155076026916504,5.280788421630859,5.649116516113281,5.795439720153809,6.080662727355957,GIST,GIST-145_CT
0.027901172637939453,0.09360960525214068,3.355040768947631,0.06477074872742605,2.3214338104561962,0.02678303101689039,0.9599245797011979,0.053984320593400525,1.9348398701922318,0.06773198849197115,2.4275669376060995,5.955833911895752,6.0286946296691895,5.875217437744141,6.091458320617676,5.246992588043213,5.6457977294921875,5.897809982299805,6.142374038696289,GIST,GIST-146_CT
0.011712074279785156,0.03833816658254818,3.2733854766328108,0.02549722096520668,2.1770011516408245,0.012727186372387678,1.0866713446004286,0.01929648098831649,1.647570195650134,0.02725340587608116,2.3269475547678597,6.1279425621032715,6.185389518737793,6.106450080871582,6.180780410766602,5.603503704071045,5.994498252868652,6.054640769958496,6.193212509155273,GIST,GIST-147_CT
0.039949893951416016,0.12073903238601247,3.0222608928633705,0.1126526849565721,2.8198487058585067,0.032434236188919385,0.8118726950723936,0.05221130723853662,1.3069194684931402,0.08101164771059643,2.027830850585186,6.0727410316467285,6.163621425628662,6.050259590148926,6.163271427154541,5.399183750152588,5.816333770751953,5.736104965209961,6.028841018676758,GIST,GIST-148_CT
0.018476009368896484,0.06562616989930348,3.551964770603243,0.05110716988110653,2.766135327133455,0.019544385796081087,1.057824491620914,0.03201538972487583,1.7328077593798283,0.04601766729268775,2.4906700070988417,5.945902347564697,6.095366477966309,5.945796489715576,6.186539649963379,5.419619560241699,5.9581193923950195,5.921716690063477,6.125054359436035,GIST,GIST-149_CT
0.058611392974853516,0.15635243818047684,2.6676112538639942,0.14141599094537582,2.412772664835349,0.07040491332762144,1.2012152883940994,0.10213627394890068,1.7426007357769777,0.11597073612117015,1.97863777754861,5.933164119720459,6.111886501312256,5.899726390838623,6.156296253204346,5.592782020568848,5.912294864654541,5.949492931365967,6.174581527709961,GIST,GIST-150_CT
0.006667137145996094,0.04082397607373878,6.12315510364209,0.02752147969130192,4.127924446339803,0.010511225276900404,1.5765701651287003,0.016516373001422835,2.477277408125246,0.02549035215110962,3.823277271811477,5.816277503967285,5.978583335876465,5.936800956726074,6.1747918128967285,5.31368350982666,5.6050543785095215,5.9260993003845215,6.134218215942383,GIST,GIST-151_CT
0.03296852111816406,0.11467340911121937,3.4782686768850275,0.09612750501651135,2.9157351497394965,0.034729869192489105,1.0534248270877506,0.06479374012872086,1.9653208053610445,0.0781951378715462,2.3718113977017454,5.96653938293457,6.074199676513672,5.910996437072754,6.141815185546875,5.479290008544922,5.957810401916504,5.864930152893066,6.105825424194336,GIST,GIST-152_CT
0.0028820037841796875,0.02333232889611736,8.095842228165637,0.012051078967147077,4.1814786012819845,0.003283391900964716,1.1392700197994625,0.008290020382560215,2.876467985013409,0.014090432351508753,4.889092629901954,5.9918670654296875,6.061117172241211,5.834126949310303,6.010847568511963,5.249413013458252,5.7169389724731445,5.988897323608398,6.1798248291015625,GIST,GIST-153_CT
0.018470287322998047,0.06291015295971647,3.4060173401423657,0.050496559121427254,2.73393320304336,0.017415487679841135,0.9428915720894471,0.028203871747393805,1.5269852593155673,0.042592206840652125,2.305983823423297,6.043206214904785,6.154569625854492,6.063193321228027,6.173201560974121,5.549975395202637,5.969059944152832,5.9357452392578125,6.1583147048950195,GIST,GIST-154_CT
0.04061555862426758,0.13744438429586125,3.384032009187211,0.11905890235962602,2.931361209319349,0.03856819352324692,0.9495913717234685,0.07587331290378074,1.8680844679457929,0.09386256070342824,2.310999547285567,5.994513988494873,6.100094795227051,5.954689979553223,6.151161193847656,5.383489608764648,5.8036675453186035,5.8177266120910645,6.117051124572754,GIST,GIST-155_CT
0.014190196990966797,0.07000113715332645,4.933059623294275,0.05385368033461191,3.795130005425156,0.014493891346404553,1.0214009813691285,0.03087676161823083,2.175920452597088,0.04348333838805729,3.064320232660307,5.943790435791016,6.047218322753906,5.852879524230957,6.072116851806641,5.311771869659424,5.752523422241211,5.8787970542907715,6.137779235839844,GIST,GIST-156_CT
0.004506587982177734,0.022176612181624478,4.920920896278398,0.014375811810566574,3.1899476872396137,0.0038153936681908363,0.8466239241395822,0.01410416234045897,3.129669519277462,0.01533552398257143,3.402904817163391,6.046624183654785,6.171314239501953,6.07452392578125,6.1670427322387695,5.587583065032959,5.9234185218811035,5.945743083953857,6.090212345123291,GIST,GIST-157_CT
0.01129150390625,0.059118945367458764,5.23569698964243,0.03819132182292151,3.382303041028193,0.011283122651946087,0.9992568530337399,0.027729432740358106,2.455776344127735,0.037893552978630396,3.355932011707998,5.99066162109375,6.130751609802246,5.9768218994140625,6.141858100891113,5.494884490966797,5.886628150939941,5.977335453033447,6.170594692230225,GIST,GIST-158_CT
0.0024580955505371094,0.017472849654382117,7.108258492221461,0.00906139203306111,3.6863315454786503,0.0025485507316034273,1.0367946693934909,0.010654129740146345,4.334284887733304,0.011224262843825272,4.566224929345573,6.027372360229492,6.085330486297607,5.878044128417969,6.0778326988220215,5.219169616699219,5.681831359863281,5.972139358520508,6.163210868835449,GIST,GIST-159_CT
0.08047771453857422,0.20855235658368088,2.5914295884908936,0.2069929636133736,2.5720528854435822,0.09476699493495744,1.1775555966363607,0.1437493815170967,1.7862008691385827,0.15054694635119859,1.8706660409991973,5.906429290771484,6.063927173614502,5.836728096008301,6.128288269042969,5.558570384979248,5.933765888214111,5.885980129241943,6.141726016998291,GIST,GIST-160_CT
0.06328296661376953,0.16008729090526685,2.5297054511565755,0.160188065378577,2.531297893211335,0.06122927261841937,0.9675472914637948,0.07920935917984195,1.25166930220863,0.11282599535726945,1.78288066387699,6.0732808113098145,6.157525539398193,5.963533401489258,6.118124961853027,5.524212837219238,5.879494667053223,5.924407482147217,6.135875701904297,GIST,GIST-161_CT
0.00014352798461914062,0.0010626779535414244,7.403461574029357,0.00045183505108070676,3.1478430763786487,0.00014752636946013808,1.0277862675275826,0.0008047081033737413,5.606237996924157,0.0007773629986331798,5.415730203373076,6.053338050842285,6.172306060791016,5.989194869995117,6.0968852043151855,5.5367817878723145,5.8385725021362305,5.922196388244629,6.093759536743164,GIST,GIST-162_CT
0.030508041381835938,0.10682593640220261,3.5015653758143745,0.07998862596463141,2.6218857757744405,0.02996679933326618,0.9822587145342225,0.05785836755100604,1.8964950211619904,0.07617063380541822,2.4967387412612374,5.977993011474609,6.08856201171875,5.977865695953369,6.116575717926025,5.347352981567383,5.741767406463623,5.884278297424316,6.119574546813965,GIST,GIST-163_CT
0.03769207000732422,0.1354749449185988,3.59425494406978,0.12151186372605594,3.223803613449937,0.030605080930541817,0.8119764397346796,0.059241444203848914,1.5717212791742265,0.08503549509629238,2.256057375442494,6.105854511260986,6.173343181610107,6.007469177246094,6.161007881164551,5.448946952819824,5.932269096374512,5.785057067871094,6.0895891189575195,GIST,GIST-164_CT
0.014689445495605469,0.0735252751010762,5.005309769519516,0.05557899130434407,3.783597786927583,0.01702263093352485,1.158833350808502,0.027165672319483747,1.8493314696117016,0.04502428086999544,3.065074868395565,6.075248718261719,6.164372444152832,6.062807559967041,6.191555976867676,5.387917995452881,5.866193771362305,5.8348493576049805,6.136579990386963,GIST,GIST-165_CT
0.031899452209472656,0.08920608521054874,2.7964761482423572,0.08947522669527075,2.8049133276203246,0.03359646676909733,1.053198531952703,0.039067179920408535,1.2246971332578578,0.06013143666984888,1.8850297937622484,6.069616317749023,6.184842109680176,6.050257205963135,6.178798675537109,5.507419586181641,5.905254364013672,5.871172904968262,6.124581336975098,GIST,GIST-166_CT
0.00067138671875,0.003452006079896819,5.141529565893218,0.0022487515337843433,3.3493633063489607,0.0006112180874708883,0.9103679991300051,0.0015231385802962905,2.268611891836551,0.0020950828394461496,3.1204841801234218,6.181258201599121,6.222311973571777,5.940493583679199,6.103529930114746,5.5214314460754395,5.87747859954834,5.997226715087891,6.176849365234375,GIST,GIST-167_CT
0.013495922088623047,0.06477776805030544,4.799799496984171,0.05057762608248595,3.7476200791735197,0.013924628980475973,1.0317648969361897,0.03312873022377971,2.4547196893282344,0.0416553908691526,3.086514558284398,5.948749542236328,6.075498580932617,5.890946388244629,6.107369422912598,5.320383071899414,5.734153747558594,5.86486291885376,6.138759136199951,GIST,GIST-168_CT
0.18898296356201172,0.3527301136912797,1.8664650420242066,0.3731546032676363,1.9745408606621992,0.18102313842155127,0.9578806757538475,0.2500457223062398,1.323112434910393,0.2798336579955105,1.4807347599686678,6.048175811767578,6.154960632324219,5.965374946594238,6.166290760040283,5.744238376617432,6.051365375518799,5.898373603820801,6.135014533996582,GIST,GIST-169_CT
0.07371854782104492,0.20658693435322562,2.8023735197685853,0.20682690615254273,2.805628762497284,0.08377793356424945,1.1364564912898067,0.12633225980950158,1.7137104081197405,0.14762150906898341,2.0025013162539236,5.981340408325195,6.109225273132324,5.857476711273193,6.123593807220459,5.535336971282959,5.953177452087402,5.872381210327148,6.126577854156494,GIST,GIST-170_CT
0.024337291717529297,0.08981808844367833,3.6905524485068755,0.07615914277673141,3.129317442856727,0.023623246849780344,0.9706600642899271,0.043839536489429065,1.801331018460974,0.0601466807066231,2.4713783559375266,5.951508522033691,6.070983409881592,5.928626537322998,6.147521018981934,5.406445503234863,5.755986213684082,5.857336044311523,6.134291648864746,GIST,GIST-171_CT
0.0013799667358398438,0.012506689213751088,9.062971055189282,0.004724651741298658,3.4237183994433567,0.0017552346205320646,1.2719305876296834,0.004992948216909099,3.618139412959326,0.007138274705766889,5.172750032936308,5.924823760986328,6.011412620544434,5.788517951965332,5.934446811676025,5.427008628845215,5.875362396240234,5.994462013244629,6.168573379516602,GIST,GIST-172_CT
0.0025658607482910156,0.0132920793186031,5.180338615051525,0.009786581337948519,3.8141365244008565,0.002739074643955064,1.0675029698122596,0.0048085242376600945,1.8740321354311344,0.007943073296530656,3.0956638411428545,6.1280317306518555,6.215887546539307,6.001136779785156,6.135694980621338,5.595022678375244,6.008968830108643,5.962879180908203,6.162992000579834,GIST,GIST-173_CT
0.012822151184082031,0.060110063740523856,4.687982226829828,0.039148604884616134,3.053198624052305,0.013187022863235143,1.028455552376464,0.03265448274203209,2.546722215797032,0.03863704539492119,3.01330211344456,6.014204978942871,6.0833611488342285,5.916198253631592,6.087535381317139,5.332609176635742,5.786709785461426,5.914828300476074,6.128295421600342,GIST,GIST-174_CT
0.030341148376464844,0.10900565134909357,3.5926661070939043,0.09179305037713448,3.025364069433054,0.03443168361289395,1.1348177016076637,0.06410565030813586,2.112828044095429,0.0759394984521009,2.502854291515975,5.872923851013184,6.0407209396362305,5.91938591003418,6.148038864135742,5.490503311157227,5.862266540527344,5.92562198638916,6.123808860778809,GIST,GIST-175_CT
0.0024843215942382812,0.0177403593974077,7.14089835614197,0.010532452279107929,4.239551718271037,0.0024294959936241867,0.9779274229167836,0.007534867361243869,3.0329555759460236,0.011121279201915968,4.476567954015757,6.045413970947266,6.177698135375977,5.990470886230469,6.07100772857666,5.401618480682373,5.773445129394531,5.846090316772461,6.026121139526367,GIST,GIST-176_CT
0.010591983795166016,0.04490757383780419,4.239765874702377,0.024271454448864915,2.291490621901794,0.010327407187617155,0.9750201319349703,0.0281914517490236,2.6615812182489798,0.03164717759744917,2.9878395143974066,5.99458646774292,6.0759077072143555,5.925034999847412,6.098873615264893,5.375977516174316,5.8316755294799805,6.0623297691345215,6.202955722808838,GIST,GIST-177_CT
0.039183616638183594,0.14971618728657177,3.8208864296567326,0.11987312466368394,3.059265692034493,0.050314258148858926,1.28406333118305,0.08755220000921327,2.2344077749019675,0.10320452528048918,2.6338686368535016,5.845846176147461,6.084558010101318,5.853199481964111,6.121560096740723,5.415213584899902,5.810839653015137,5.869255542755127,6.122463226318359,GIST,GIST-178_CT
0.024366378784179688,0.09124431404279676,3.744679396318208,0.0802893649121188,3.2950867534481803,0.024815967823741403,1.018450786595575,0.05141212364932812,2.109960737501995,0.06106794977205254,2.506237190621451,5.87865686416626,6.003453254699707,5.876439094543457,6.120301723480225,5.322545051574707,5.687277793884277,5.816745758056641,6.090176582336426,GIST,GIST-179_CT
0.018297672271728516,0.07893933341915726,4.31417117462605,0.061156722727844226,3.342320727818987,0.022502608748425246,1.2298065085102992,0.042790523959581606,2.3385761827166833,0.051787828192573215,2.830294428742477,5.837124347686768,6.079586982727051,5.797770023345947,6.094294548034668,5.411821365356445,5.867873668670654,5.835226058959961,6.081797122955322,GIST,GIST-180_CT
0.03792905807495117,0.1310513444993262,3.4551691130495805,0.09961098449321071,2.6262439218482942,0.0371049272857249,0.9782715254802016,0.06712927991509332,1.7698636777059737,0.09101469654430616,2.3996027628322723,5.9451212882995605,6.036993026733398,5.962450981140137,6.1552019119262695,5.3373541831970215,5.733253479003906,5.918894290924072,6.133316993713379,GIST,GIST-181_CT
0.006332874298095703,0.0231429062343409,3.6544021878466917,0.01670261683074159,2.6374422845154557,0.005605477228897371,0.8851381084891977,0.01116585677874582,1.7631550259181887,0.015812085598895464,2.4968221200014904,6.119797229766846,6.1865339279174805,6.073190689086914,6.186456680297852,5.562549114227295,5.972881317138672,5.966236114501953,6.143216609954834,GIST,GIST-182_CT
0.017679214477539062,0.061150844702126506,3.4589099074915226,0.05503203892703823,3.1128084264643405,0.017018314223889774,0.9626165585210507,0.030512603049572817,1.7259016699707719,0.040818795018594756,2.3088566509494712,5.966740608215332,6.066695213317871,5.946538925170898,6.175777912139893,5.451136589050293,5.874512672424316,5.865227699279785,6.139151573181152,GIST,GIST-183_CT
0.04325103759765625,0.14738491907385765,3.4076612535471704,0.14837000954062773,3.430437360057559,0.03549186064986998,0.8206011789594956,0.06958877726273727,1.6089500978123878,0.0930354475540014,2.1510565112657045,6.030913352966309,6.15538215637207,6.018320083618164,6.157331943511963,5.460968494415283,5.892999172210693,5.761083602905273,6.067936420440674,GIST,GIST-184_CT
0.029364585876464844,0.11289601710427632,3.844630369824374,0.10310833394106567,3.5113145903603256,0.03135101967933451,1.0676468973462614,0.05390916933617973,1.835855993488638,0.07282159677191657,2.479911423888577,5.97681999206543,6.074623107910156,5.991180419921875,6.155495643615723,5.413413047790527,5.851510047912598,5.807806015014648,6.0961456298828125,GIST,GIST-185_CT
0.0031266212463378906,0.017528114341189394,5.606070227091678,0.012263097694585667,3.9221439077438336,0.0023648318017421843,0.7563513620328671,0.006874055396792755,2.198550086405004,0.01094315754744457,3.499983427934424,5.936367034912109,6.065267562866211,6.084197044372559,6.1466240882873535,5.512314796447754,5.914668083190918,5.875979423522949,6.096527099609375,GIST,GIST-186_CT
0.002834320068359375,0.014496940881144837,5.11476805153334,0.005790387323145296,2.0429474279602893,0.0027271019674230956,0.962168096745928,0.009518212745888377,3.3581878314539084,0.01046175695717011,3.6910863254630746,5.9776201248168945,6.126763343811035,6.001387596130371,6.094134330749512,5.401548385620117,5.7748212814331055,6.038504600524902,6.170928001403809,GIST,GIST-187_CT
0.0006723403930664062,0.006244308344093952,9.28728295318661,0.0017757551547674666,2.641115663915556,0.0008505603243520454,1.265055145536351,0.0026720043515524594,3.974124770517614,0.003842252935783108,5.714658570004909,6.00026798248291,6.066946983337402,5.7649431228637695,5.894579887390137,5.32332706451416,5.78610897064209,6.033350467681885,6.1821980476379395,GIST,GIST-188_CT
0.026980876922607422,0.11622066860718405,4.307518464480208,0.0973048080683725,3.606434745732554,0.02828493800981846,1.0483324025244836,0.048000694113937925,1.7790628696389479,0.07210411979156106,2.672414735601025,5.866847991943359,6.0367431640625,5.9359846115112305,6.173346519470215,5.459333419799805,5.820925235748291,5.917869567871094,6.16723108291626,GIST,GIST-189_CT
0.04427146911621094,0.1523764205667817,3.4418642342353056,0.14108446199816171,3.186802537765237,0.05045492788167394,1.1396711582468633,0.08183257906554786,1.8484265874817616,0.10375742910889585,2.343663034987753,5.972238540649414,6.095110893249512,5.948686599731445,6.15632963180542,5.532199859619141,5.9790754318237305,5.885021209716797,6.1318535804748535,GIST,GIST-190_CT
0.03249406814575195,0.1109984933363819,3.4159606817740436,0.09461737343366394,2.9118343659191805,0.02620064994277982,0.8063207648254243,0.0470593278365925,1.4482432037464865,0.07212754540637434,2.219713545429624,6.052143096923828,6.150676727294922,6.071555137634277,6.195669174194336,5.3413896560668945,5.816229343414307,5.837689399719238,6.129549980163574,GIST,GIST-191_CT
0.007712364196777344,0.031203666256601537,4.045922236195458,0.02416749302705057,3.1335996426559647,0.01022338471926787,1.32558203977444,0.014328879656261506,1.8579077325175566,0.021436776637244748,2.779530153788728,5.990870952606201,6.1010284423828125,6.020511627197266,6.130672454833984,5.652652740478516,6.002559661865234,6.036703586578369,6.206486225128174,GIST,GIST-192_CT
0.012424945831298828,0.06292648367502807,5.064523731868278,0.05267696567165103,4.239609893739519,0.014083709067193695,1.1335017410457442,0.02899825766027675,2.333872092102677,0.03902062620011293,3.1405042182780907,5.893033504486084,6.025757312774658,5.826391220092773,6.046431064605713,5.454468727111816,5.871389389038086,5.874260902404785,6.059799671173096,GIST,GIST-193_CT
0.0010886192321777344,0.0058863887976485785,5.407156655047034,0.0036748870232941044,3.3757012164212457,0.0012089823964060997,1.1105547790477814,0.0025674478860082672,2.358422693530146,0.003896042973792646,3.5788520633410306,6.087505340576172,6.1687116622924805,6.042739391326904,6.128986358642578,5.57603645324707,5.862789154052734,5.887596130371094,6.063328742980957,GIST,GIST-194_CT
0.005619049072265625,0.030667952636349582,5.457844853014538,0.01994269396590198,3.549116268297392,0.005574506741510277,0.9920712115351753,0.013884417804320037,2.4709506744377028,0.01990632360480049,3.5426435901080837,6.071094512939453,6.183884620666504,5.954370975494385,6.096096992492676,5.4817609786987305,5.918445587158203,5.928217887878418,6.141968727111816,GIST,GIST-195_CT
0.027102947235107422,0.08402340209022441,3.1001562435181764,0.07558621518742825,2.7888549036087746,0.02319438649192307,0.8557880341514378,0.04093511673781336,1.5103560981452109,0.057101784571358394,2.106847015844914,6.103699684143066,6.1666717529296875,6.090049743652344,6.186751842498779,5.4105424880981445,5.890731334686279,5.761897563934326,6.007056713104248,GIST,GIST-196_CT
0.0161590576171875,0.064323434311234,3.980640209885423,0.043272131400129865,2.677885409310603,0.01758512895244735,1.0882514615968946,0.037428689083810696,2.316265391698707,0.044665621723368076,2.764121221688542,5.957708835601807,6.063766956329346,5.9326581954956055,6.168310165405273,5.405919075012207,5.807027816772461,5.9195966720581055,6.165365219116211,GIST,GIST-197_CT
0.028624534606933594,0.08879181948870496,3.1019469727108713,0.07848811814227474,2.7419866139377085,0.024818199233266114,0.867025120366614,0.041970192200011525,1.4662309139354928,0.060173469720609774,2.1021633897377088,6.102047443389893,6.167675971984863,6.0880327224731445,6.189548492431641,5.383359909057617,5.867358207702637,5.793920993804932,6.028748035430908,GIST,GIST-198_CT
0.022174358367919922,0.08124800349111183,3.66405040914964,0.06613695324534774,2.982585665936231,0.02245163161023811,1.0125037718196883,0.04944902687117292,2.2300083614878408,0.05463772808093381,2.4640038072055863,5.832635879516602,5.9370808601379395,5.903074264526367,6.139983654022217,5.4513092041015625,5.876501083374023,5.904949188232422,6.145908355712891,GIST,GIST-199_CT
0.011266708374023438,0.040139535405216975,3.562664306739285,0.02669956251122585,2.369772778982778,0.00878543738110693,0.779768969939166,0.0188904780251562,1.6766619523134716,0.028661094824201427,2.5438724811194793,5.999683856964111,6.133656978607178,6.07008171081543,6.17128849029541,5.517510890960693,5.956552505493164,5.991434574127197,6.190536975860596,GIST,GIST-200_CT
0.007023811340332031,0.030584766706112987,4.354434035855926,0.02331832384822974,3.3198913694361467,0.006278472804353896,0.8938827598449564,0.009576476255944044,1.363428224028737,0.018272065126154757,2.6014421837915083,6.0673651695251465,6.183991432189941,6.041251182556152,6.165855407714844,5.577487945556641,5.986711025238037,5.972633361816406,6.158330917358398,GIST,GIST-201_CT
0.007507801055908203,0.03333233645150813,4.439687707015156,0.02355757882423859,3.1377426321484436,0.008275795770202876,1.1022914280308524,0.014402027397750317,1.9182724885460154,0.021399107307559007,2.850245850382606,6.052241802215576,6.154139041900635,6.0523881912231445,6.142571449279785,5.602212905883789,5.9633283615112305,6.02097225189209,6.198853492736816,GIST,GIST-202_CT
0.013430595397949219,0.0793677324737132,5.909467974230873,0.06281264160332967,4.676828761041615,0.014409249632166166,1.0728667253053523,0.033308552722161267,2.480048496343084,0.046771536700646266,3.4824593020794152,5.8644890785217285,5.990229606628418,5.789823532104492,6.098724842071533,5.324625015258789,5.730746269226074,5.847947120666504,6.104443550109863,GIST,GIST-203_CT
0.003592967987060547,0.018030007445872798,5.018123548433798,0.009624438128469137,2.6786799593901747,0.0035079554085086784,0.9763364599343326,0.008767974576642246,2.440308459505876,0.012608050079279565,3.5090808028006717,6.058439254760742,6.167154788970947,5.922083854675293,6.041552543640137,5.444852828979492,5.830400466918945,6.053933143615723,6.197443962097168,GIST,GIST-204_CT
0.03139781951904297,0.11303121511443237,3.5999690693867317,0.09127019550803084,2.906895059503235,0.0303058828960161,0.965222225875053,0.05397893816359556,1.7191933006342688,0.07688253565996206,2.4486576568400165,5.987427234649658,6.115810394287109,5.92340087890625,6.1138105392456055,5.294425964355469,5.699606895446777,5.871445655822754,6.140196800231934,GIST,GIST-205_CT
0.005198001861572266,0.026526374467721325,5.103176978841633,0.01676275133974059,3.2248389934743793,0.005601881124988495,1.0776968722218478,0.013704786846801653,2.6365439733060376,0.01667372029487524,3.2077110901074137,5.882403373718262,6.0392656326293945,5.952734470367432,6.177200794219971,5.3047261238098145,5.670703411102295,5.924582004547119,6.128765106201172,GIST,GIST-206_CT
0.006852149963378906,0.03554822466708174,5.1878859888075874,0.021461316979809908,3.132051366942549,0.008094549600372147,1.1813135775628623,0.016046688458430935,2.341843819203261,0.024278983776468976,3.543259921867999,5.75920295715332,6.017329692840576,5.905918121337891,6.087069988250732,5.572997093200684,5.966289043426514,5.987991809844971,6.17535400390625,GIST,GIST-207_CT
0.004128932952880859,0.015879788581287357,3.845969479962822,0.010838634445349271,2.625038555639744,0.003567679322003414,0.8640660243353959,0.009636562597194143,2.333905483114144,0.011132459462089628,2.6962008410220957,6.054215908050537,6.1485137939453125,6.026156425476074,6.12704610824585,5.524428844451904,5.918198585510254,5.9901533126831055,6.148573875427246,GIST,GIST-208_CT
0.0034356117248535156,0.018442895511498136,5.368139157486695,0.009852470138923763,2.8677400854844817,0.003463177785647531,1.008020691158946,0.010146032777072378,2.953186814390916,0.012034851012344916,3.502961611077263,6.009446144104004,6.108192443847656,5.982131004333496,6.128366947174072,5.451893329620361,5.93408203125,5.951221466064453,6.152255535125732,GIST,GIST-209_CT
0.021811485290527344,0.07878704318144969,3.6121798222456865,0.06125863704014023,2.8085482551370347,0.021325489173023016,0.977717890908864,0.038044831059409034,1.744255978448748,0.053694157733332304,2.461736667666773,5.956727027893066,6.135146141052246,5.9532294273376465,6.169040679931641,5.379739761352539,5.826142311096191,5.904757976531982,6.1637468338012695,GIST,GIST-210_CT
0.01685953140258789,0.06608600242708462,3.9197983414270454,0.04787300875801748,2.8395202226953282,0.01761890473051153,1.045040568411136,0.03197013218101574,1.8962634521072095,0.04605478438617183,2.7316747998318953,5.988855361938477,6.087987899780273,5.93626594543457,6.123747825622559,5.317095756530762,5.787240028381348,5.912946701049805,6.167614936828613,GIST,GIST-211_CT
0.004711151123046875,0.016706940803373982,3.546246958450237,0.010136099030262358,2.1515076146890477,0.005340399014073682,1.1335632288075634,0.00883092995604784,1.87446995027344,0.012833400441479625,2.7240419307034465,6.0537109375,6.1375603675842285,6.070838928222656,6.165552139282227,5.690284729003906,6.027400016784668,6.009071350097656,6.188260555267334,GIST,GIST-212_CT
0.003322601318359375,0.01661285119268996,4.99993818142201,0.011560225734342566,3.4792591208202848,0.003424719930876563,1.0307314346258252,0.006362458443391006,1.9148969993073501,0.010599151996530054,3.190006588481634,6.0911102294921875,6.183067321777344,5.988348007202148,6.086736679077148,5.550372123718262,5.93452787399292,6.033356666564941,6.173890113830566,GIST,GIST-213_CT
0.001438140869140625,0.008084098816993901,5.6211757684536945,0.004293726576577228,2.9855884168418076,0.0015844049891597933,1.101695950791702,0.0046489667294054016,3.232600159803413,0.005230949286669784,3.6372743631518762,5.869748115539551,6.054043769836426,5.846220970153809,6.046036720275879,5.345654487609863,5.782083511352539,5.963812828063965,6.143256664276123,GIST,GIST-214_CT
0.005383014678955078,0.024691354536798826,4.586892316011409,0.011959163343362889,2.2216437888752782,0.0052053643115641535,0.9669961818890619,0.014970478601924242,2.781053310130881,0.017369847567806573,3.2267820795460866,5.968890190124512,6.055659294128418,5.925541400909424,6.055171966552734,5.414191246032715,5.836652755737305,6.050654411315918,6.2016096115112305,GIST,GIST-215_CT
0.0032334327697753906,0.02062043499893207,6.377238277319025,0.00820464718299263,2.5374338645129515,0.0036391517727167866,1.1254727644273657,0.011984460191570179,3.7064086315659988,0.013738409676648189,4.248848875591054,5.941946506500244,6.052877426147461,5.814178943634033,5.936921119689941,5.348001480102539,5.786199569702148,6.100040912628174,6.212730407714844,GIST,GIST-216_CT
0.024617671966552734,0.0632802303765061,2.5705194527446955,0.047142106167910924,1.9149693391912939,0.023434316394002508,0.9519302599587552,0.029866699737283398,1.213221447001482,0.04740726460534006,1.9257403954503436,6.0087785720825195,6.12297248840332,6.0552825927734375,6.160226821899414,5.498522758483887,5.972844123840332,5.970662593841553,6.151820182800293,GIST,GIST-217_CT
0.029718399047851562,0.08073779407010306,2.7167603063845656,0.06786442847311491,2.283582151515646,0.03257651037773712,1.0961727569360642,0.049703952959106346,1.672497100335174,0.06107919409697615,2.0552646004242194,5.99981689453125,6.119718074798584,5.966131210327148,6.16334867477417,5.582674026489258,6.007993221282959,5.9447150230407715,6.153658866882324,GIST,GIST-218_CT
0.09013748168945312,0.23518530172998453,2.609184006808826,0.2594071704226337,2.8779053594741493,0.0740597226197508,0.8216306137617588,0.10886436760512197,1.2077590086507817,0.1616050917184566,1.7928731839491139,6.067832946777344,6.151498317718506,6.016871452331543,6.197048187255859,5.582948684692383,5.9839582443237305,5.892680644989014,6.163999557495117,GIST,GIST-219_CT
0.040364742279052734,0.14349683238819466,3.5550034197202853,0.11501558784590316,2.8494065082022173,0.04031445933998157,0.9987540382082992,0.07093120391292018,1.7572560193743563,0.09663482423835035,2.394039818956078,6.0164971351623535,6.143073081970215,5.981599807739258,6.157303810119629,5.334166049957275,5.744314193725586,5.878241539001465,6.143243789672852,GIST,GIST-220_CT
0.003238677978515625,0.016077348215560505,4.964154720125022,0.010717162826779258,3.3091063102939646,0.003506398050461712,1.082660038176566,0.007971641847632327,2.4613800095944836,0.010358892528358865,3.198484261860451,6.086947917938232,6.199081897735596,6.053468227386475,6.156285762786865,5.481423377990723,5.882550239562988,5.987360954284668,6.151357650756836,GIST,GIST-221_CT
0.0542597770690918,0.1613090874272416,2.9729030676408366,0.15683264367362426,2.8904028590071893,0.043859216064930706,0.8083189860122837,0.06308590183681417,1.1626640140788542,0.10866505963403483,2.002681276571653,6.064050674438477,6.173216819763184,5.970494270324707,6.142078876495361,5.468719482421875,5.87835693359375,5.822154521942139,6.1102070808410645,GIST,GIST-222_CT
0.021397113800048828,0.07327008015215597,3.4242957528707088,0.061678411431245195,2.8825561794012913,0.021644267778214044,1.0115503364131888,0.04215020756987542,1.9699006260728944,0.05155205617171532,2.4092984016663808,5.924496650695801,6.040926933288574,5.876289367675781,6.120883464813232,5.340231895446777,5.707776069641113,5.857970714569092,6.1155009269714355,GIST,GIST-223_CT
0.057686805725097656,0.15859387265521718,2.74922216908253,0.15231038516182593,2.6402980169273,0.0715261248380159,1.2399041954208128,0.10745946751302426,1.862808098563016,0.11639553609768427,2.0177147002247233,5.8400373458862305,6.055408000946045,5.884982109069824,6.1064653396606445,5.529900550842285,5.942429542541504,5.838841915130615,6.083967208862305,GIST,GIST-224_CT
0.0011830329895019531,0.007512046859574184,6.349766598707174,0.0056687896926632675,4.791702197609708,0.0010182665526201617,0.8607181325243639,0.005344496089605855,4.517584007539594,0.005005807378324789,4.23129795176097,6.089459419250488,6.165622711181641,6.013559818267822,6.107004642486572,5.4540324211120605,5.845706939697266,5.8617143630981445,6.027063369750977,GIST,GIST-225_CT
0.04006481170654297,0.13298494732180188,3.319244705389121,0.11668700250166353,2.9124553044649497,0.04482446983649879,1.1187986849116198,0.07135999580972907,1.7811135247876393,0.09212612622815186,2.2994268364136206,5.9313154220581055,6.074773788452148,5.820765972137451,6.059026718139648,5.474201679229736,5.904241561889648,5.886312484741211,6.123586654663086,GIST,GIST-226_CT
0.007395267486572266,0.03479777508641746,4.705404922208854,0.028568680932266943,3.8630979005371464,0.007332317977102321,0.9914865250716742,0.01686558227487467,2.2805881598760562,0.021669305125556093,2.9301544350298454,6.055262088775635,6.187755584716797,6.027957916259766,6.167266845703125,5.59818696975708,5.942399024963379,5.896299839019775,6.120075702667236,GIST,GIST-227_CT
0.0029401779174804688,0.019263049586584202,6.55163891806319,0.011168552702145007,3.7985846536352206,0.002252820851595061,0.7662166211218118,0.008754210025131215,2.977432147477481,0.013639145591582746,4.63886866226922,5.943875312805176,6.095688343048096,6.091038227081299,6.154831886291504,5.489299774169922,5.947150230407715,5.906073570251465,6.107772350311279,GIST,GIST-228_CT
0.02372598648071289,0.10933457632671661,4.608218517422264,0.09322037036076836,3.929039205436457,0.024555631733335304,1.0349673512468414,0.05337637303483689,2.249699947406934,0.07022971947628776,2.960032449359007,5.872282981872559,6.018634796142578,5.686543941497803,5.935278415679932,5.283483505249023,5.623971462249756,5.781715393066406,6.107837200164795,GIST,GIST-229_CT
0.04792594909667969,0.15474029490877683,3.2287365307937517,0.14496158069196952,3.0246985855732715,0.0381723023538143,0.7964848919728532,0.06663792156635395,1.3904348044851256,0.10308581282743035,2.15093896440295,6.091610908508301,6.16935920715332,6.06453800201416,6.172305107116699,5.357501029968262,5.767828464508057,5.789881229400635,6.101484775543213,GIST,GIST-230_CT
0.05824565887451172,0.17383921726877816,2.984586161132577,0.16058109682069244,2.756962018354684,0.07328791829775128,1.2582552439332024,0.10034262625396195,1.7227482865746924,0.12072994675048676,2.0727712306059227,5.9367523193359375,6.1219682693481445,5.903106689453125,6.1651835441589355,5.524834632873535,5.960506916046143,5.932084560394287,6.107175350189209,GIST,GIST-231_CT
0.027783870697021484,0.09371701086013218,3.3730713100196588,0.08889400998094743,3.199481416952569,0.022177222501227334,0.7982046404196084,0.03827326808914222,1.3775349997542001,0.06078779915571886,2.1878800812096593,6.05976676940918,6.159797668457031,5.967348098754883,6.116118431091309,5.486772537231445,5.902386665344238,5.7908220291137695,6.052135467529297,GIST,GIST-232_CT
0.0011343955993652344,0.005873111556184085,5.177258962288648,0.003185048150385228,2.8076802090605395,0.0012248216536363543,1.0797034626078301,0.003744436392935313,3.3007915290884866,0.004004384422501062,3.529940635643677,6.120357513427734,6.202449321746826,6.006420612335205,6.170437812805176,5.572934150695801,5.898611068725586,5.993871688842773,6.158836841583252,GIST,GIST-233_CT
0.20069313049316406,0.37144381927399195,1.8508047577572486,0.411344676072531,2.0496200072495356,0.24522437317963863,1.221887168525281,0.28742800426188353,1.432176523600087,0.2893283671758127,1.4416455214405681,5.980194568634033,6.151512622833252,5.939685821533203,6.167716026306152,5.828296661376953,6.090585231781006,5.854212284088135,6.1379804611206055,GIST,GIST-234_CT
0.07235336303710938,0.2008659201466685,2.7761790738304106,0.1876156821360837,2.5930467960333705,0.08513295654208264,1.1766273356519086,0.11882401958726518,1.6422733951369684,0.14803793477599925,2.0460405446484433,5.914053916931152,6.106311321258545,5.932117938995361,6.172868728637695,5.547789096832275,5.944091320037842,5.857759475708008,6.095733165740967,GIST,GIST-235_CT
0.04190826416015625,0.17763494637455324,4.238660501639969,0.18383114357925479,4.386511906377425,0.03230996601197944,0.7709686609499592,0.0552070437846055,1.3173304052948305,0.106625984907879,2.5442704822536517,6.0808305740356445,6.16046667098999,6.042643070220947,6.187622547149658,5.505903244018555,5.904755115509033,5.7485737800598145,6.085760116577148,GIST,GIST-236_CT
0.012433052062988281,0.03949102806444671,3.1762913966308197,0.028414265889836088,2.2853795586223216,0.010324775279286769,0.8304289986633601,0.02034200296174049,1.6361217259822234,0.02777833670796781,2.2342313234855116,6.091566562652588,6.155905723571777,6.075440406799316,6.182770252227783,5.405876159667969,5.89487361907959,5.97355842590332,6.182425498962402,GIST,GIST-237_CT
0.012239933013916016,0.051419330524481666,4.200945254893854,0.040995889929604346,3.3493530062186316,0.011496155508240236,0.939232764006324,0.023997655962034514,1.960601935380806,0.03386536603704826,2.76679115242167,5.98830509185791,6.1424055099487305,6.016075134277344,6.157010555267334,5.3876214027404785,5.813437461853027,5.847319602966309,6.1252055168151855,GIST,GIST-238_CT
0.03718852996826172,0.12016154074342467,3.231144348392694,0.0974902524928325,2.621513309638798,0.0391535378374499,1.05283880117007,0.056109775810767815,1.5087921133406765,0.08030659447686617,2.1594446715413733,6.092239856719971,6.200283050537109,6.052704811096191,6.183048248291016,5.376239776611328,5.850173473358154,5.931947708129883,6.157097816467285,GIST,GIST-239_CT
0.02916097640991211,0.09620596422547578,3.2991327135893598,0.07597681175354865,2.605426671291317,0.03246813836156548,1.113410153729547,0.04842965250247744,1.6607686661112298,0.06606575413559312,2.2655527905303203,6.056934356689453,6.153857231140137,6.02243709564209,6.162158012390137,5.448899269104004,5.8654584884643555,5.927748680114746,6.190940856933594,GIST,GIST-240_CT
0.0018477439880371094,0.014102853028816753,7.63243003133679,0.005254931181411848,2.843956076097675,0.0019627895978260312,1.0622569944558071,0.008375676288437717,4.532895798176734,0.008522699439708958,4.61246437290211,5.897321701049805,5.999175548553467,5.920281887054443,6.037112236022949,5.241294860839844,5.679885387420654,6.036189079284668,6.16926383972168,GIST,GIST-241_CT
0.01300954818725586,0.05061631712419512,3.8907022356669096,0.03238000450380696,2.488939596390472,0.014767014181416016,1.1350895986523015,0.02268076360928717,1.7433923030149636,0.03436699708908009,2.6416728834608647,5.958901405334473,6.09220027923584,6.046209335327148,6.160943031311035,5.522266387939453,5.929152011871338,6.080668926239014,6.207104682922363,GIST,GIST-242_CT
0.03565263748168945,0.11029805473364718,3.093684831969189,0.11586544966095857,3.249841395943035,0.045242381100734974,1.2689767603926365,0.06614790322032604,1.8553433725868014,0.07647548456407094,2.145015586944766,5.896215915679932,6.098090648651123,5.809543609619141,6.057934761047363,5.623935699462891,6.013448715209961,5.853332996368408,6.126770496368408,GIST,GIST-243_CT
0.023705482482910156,0.08962596910981802,3.780810256291088,0.07238867539837202,3.053666801082437,0.02419147514552833,1.0205008465008067,0.04787556381464242,2.0195979412432385,0.05746463613729702,2.4241064039789353,6.074594497680664,6.1630401611328125,6.012512683868408,6.172658920288086,5.411248207092285,5.942462921142578,5.884624004364014,6.14248514175415,GIST,GIST-244_CT
0.0001392364501953125,0.0009684305255177605,6.954795071324275,0.0004341721100900031,3.1180120533127877,0.00015112652479842836,1.085316893798387,0.00041540890958913224,2.98326391090375,0.000646180725539125,4.640554388515949,6.084589958190918,6.147464752197266,6.047791481018066,6.120102882385254,5.617408275604248,5.9117536544799805,5.929669380187988,6.062398910522461,GIST,GIST-245_CT
0.04202890396118164,0.13034870411672728,3.1014054809295986,0.11750579924560611,2.795832396576693,0.05584410113880267,1.3287067372328698,0.07874124372918345,1.8735017469618584,0.09160875179190953,2.1796602185942837,5.882092475891113,6.085761547088623,5.84024715423584,6.114229202270508,5.567312717437744,5.920655250549316,5.920049667358398,6.139606952667236,GIST,GIST-246_CT
0.02403116226196289,0.09130683713533472,3.799516567065575,0.06128752923103775,2.550334563913268,0.040380738169261576,1.680348246397333,0.04537447838566777,1.888150852194904,0.06016516316486786,2.5036299731452845,5.799068927764893,6.045966625213623,5.917780876159668,6.184188365936279,5.443996429443359,5.790157318115234,5.986464023590088,6.1569623947143555,LIPO,Lipo-001_MR
0.006511688232421875,0.012332805883318088,1.8939461632163483,0.007961890604292421,1.222705709034551,0.00638709835666873,0.9808652257359287,0.010820894054972996,1.6617622114451724,0.011252131058483883,1.727987178898939,5.902834892272949,6.035930633544922,5.993524551391602,6.174115180969238,5.502626895904541,5.883126258850098,5.8382344245910645,6.067781448364258,LIPO,Lipo-002_MR
0.020500659942626953,0.0617269406293417,3.0109718756552994,0.056879644355092296,2.7745261259400453,0.03352419347555724,1.6352730700693117,0.030302702259291436,1.4781322924614848,0.042461743462467894,2.0712368708584186,5.8338212966918945,6.038405418395996,6.019731521606445,6.17707633972168,5.597201347351074,5.938321590423584,5.901586532592773,6.16307258605957,LIPO,Lipo-003_MR
0.0029687881469726562,0.009541297875728105,3.213858741274667,0.005524020236407523,1.860692429372633,0.0027026195560608812,0.9103412971396514,0.008063872226387048,2.7162076460502855,0.007081211899560458,2.385211640872692,6.019107341766357,6.08754825592041,6.035037994384766,6.162724018096924,5.68972635269165,6.023794651031494,6.051217555999756,6.141461372375488,LIPO,Lipo-004_MR
0.009057044982910156,0.025231700202709817,2.7858614362306238,0.021115462933778417,2.3313828803757275,0.008826116289242236,0.9745017895879311,0.0171233723297064,1.890611502526666,0.018550038927685364,2.048131424915451,5.871724605560303,6.0158281326293945,5.916197776794434,6.158397197723389,5.510931968688965,5.858572006225586,5.917076110839844,6.099102020263672,LIPO,Lipo-005_MR
0.006539344787597656,0.03744412159539934,5.725965758336699,0.02624218931470068,4.012963077713849,0.007375788026308783,1.1279076095240284,0.016421808901213808,2.511227702824584,0.022960268962037844,3.511090880951069,5.9039506912231445,6.0649542808532715,5.972541809082031,6.196898460388184,5.337652206420898,5.640890121459961,5.912605285644531,6.133191108703613,LIPO,Lipo-006_MR
0.015907764434814453,0.061154484929261343,3.8443143118388474,0.05638417385210914,3.5444413725600326,0.018474896023548126,1.1613752822088979,0.02854679807296634,1.7945186606676513,0.04008843149176755,2.5200527990913226,5.824522018432617,6.03985071182251,5.963495254516602,6.1782426834106445,5.4107866287231445,5.773657321929932,5.788176536560059,6.049238681793213,LIPO,Lipo-007_MR
0.014988899230957031,0.058585340172328415,3.9085792881666404,0.04494950492949101,2.998850966196759,0.02076601736339967,1.3854255198577765,0.022158002216485784,1.4782931749778174,0.03988332904265235,2.660855998799442,5.743114471435547,5.978390693664551,5.934098243713379,6.156169891357422,5.442073822021484,5.79803991317749,5.916043281555176,6.118088722229004,LIPO,Lipo-008_MR
0.015177726745605469,0.05461445595364012,3.5983267379738337,0.04067943855000067,2.680204514798882,0.01561049701393813,1.0285128326829072,0.031812349197309686,2.0959876779072855,0.03772479189905198,2.485534736262621,5.851651191711426,6.023349761962891,5.959486961364746,6.202712059020996,5.49903678894043,5.828283786773682,5.95471715927124,6.145101547241211,LIPO,Lipo-009_MR
0.02987051010131836,0.07517959606025215,2.5168492481968547,0.0673320093405323,2.2541291250419353,0.047628724459258365,1.5945060312878927,0.044165378955625556,1.4785607617751617,0.05644246983092671,1.8895710432720445,5.837282657623291,6.124068260192871,5.942049503326416,6.159534454345703,5.513946533203125,5.799495220184326,5.825404167175293,6.104294776916504,LIPO,Lipo-010_MR
0.03766584396362305,0.14384548607358738,3.818989109141414,0.10707874646340088,2.8428599167515345,0.05634710002777865,1.495972986094981,0.05977579476765982,1.587002244138421,0.09550787167296448,2.535661922472384,5.88239860534668,6.089353084564209,5.940872669219971,6.173418045043945,5.407969951629639,5.80379581451416,5.9429473876953125,6.1338067054748535,LIPO,Lipo-011_MR
0.04360675811767578,0.13464970268353227,3.0878166049859743,0.12729764769790108,2.919217662597234,0.04988350522245355,1.1439395161741768,0.07300517674795515,1.6741707743840542,0.09404455130601264,2.1566503404294286,5.764301300048828,6.034661769866943,5.90397834777832,6.153571128845215,5.386858940124512,5.711042881011963,5.788266658782959,6.074017524719238,LIPO,Lipo-012_MR
0.034914493560791016,0.11412142170809148,3.268596430402918,0.09714206274287562,2.78228394608956,0.05645682355913095,1.6170020421694313,0.05580354345946148,1.5982911904303532,0.07739819999824249,2.2167922239960087,5.865616321563721,6.075685501098633,6.05293607711792,6.210263729095459,5.647612571716309,5.923873424530029,5.904426574707031,6.204509258270264,LIPO,Lipo-013_MR
0.010524272918701172,0.04565266607062313,4.337841012379135,0.03940024807212694,3.743746569385216,0.015126057849272456,1.4372530619063975,0.01886024451761159,1.7920693184803873,0.0283124161375099,2.6901990716346122,5.877456188201904,6.130017280578613,5.990495681762695,6.190009117126465,5.55723762512207,5.792660713195801,5.892386436462402,6.1690673828125,LIPO,Lipo-014_MR
0.0070438385009765625,0.026678670701812734,3.7875134165810054,0.018044546194801114,2.5617453572857807,0.006635031251619239,0.9419610956566364,0.01703440927695965,2.4183383947848953,0.018494994652371588,2.62569455459007,5.952506065368652,6.058009624481201,6.022141456604004,6.198768615722656,5.582021713256836,5.917607307434082,5.9767656326293945,6.1333160400390625,LIPO,Lipo-015_MR
0.05946779251098633,0.1944370777557083,3.269619349391415,0.1684243350555903,2.8321936904339937,0.07907105978287632,1.3296448909183822,0.10257672170962451,1.7249119250820486,0.13348080528623996,2.2445895030605874,5.810370445251465,6.0762224197387695,5.9629106521606445,6.173340320587158,5.485766887664795,5.818890571594238,5.903791427612305,6.145664215087891,LIPO,Lipo-016_MR
0.033606529235839844,0.09593369433696353,2.854613909029187,0.07999090560099376,2.380218475923492,0.05365880415860147,1.5966774734536424,0.052008384921521156,1.5475674111083886,0.07151032883263042,2.12786947000981,5.925150394439697,6.135993003845215,6.010356903076172,6.172432899475098,5.577716827392578,5.970903396606445,5.907157897949219,6.139832496643066,LIPO,Lipo-017_MR
0.009084701538085938,0.0222256229596951,2.4464863707029525,0.018737315323988923,2.0625107627728485,0.008127791183625277,0.8946669522252905,0.017161298493476806,1.889030644674991,0.017224100746432214,1.8959436052783212,6.003344535827637,6.071527004241943,6.046432971954346,6.20296049118042,5.611246109008789,5.88543701171875,5.939411163330078,6.080657005310059,LIPO,Lipo-018_MR
0.01954174041748047,0.06444803342509431,3.297966254212535,0.06018165974256817,3.079645295681114,0.02167452057935293,1.1091391567443547,0.03468533330322998,1.7749348222257146,0.04449078067978007,2.2767039660880233,5.846320152282715,6.055628776550293,5.984832763671875,6.197039604187012,5.44923734664917,5.826469898223877,5.843012809753418,6.072625160217285,LIPO,Lipo-019_MR
0.018284320831298828,0.08090680598451172,4.4249257318193305,0.06081214180272809,3.325915635842184,0.01948523486279896,1.0656794083732308,0.04047043066321976,2.2133941371233075,0.05061389193377863,2.7681566473922343,5.683623313903809,5.830187797546387,5.906862258911133,6.152231216430664,5.344130516052246,5.6393280029296875,5.912143707275391,6.152415752410889,LIPO,Lipo-020_MR
0.0653839111328125,0.18638261724856875,2.850587943020044,0.15551674102502488,2.3785165883387167,0.09695768517386227,1.4828979892000496,0.09857211783719322,1.5075895744607681,0.13257707154605214,2.0276708592736754,5.778078079223633,6.0778093338012695,6.005638122558594,6.18094539642334,5.5124640464782715,5.839594841003418,5.951840877532959,6.165599822998047,LIPO,Lipo-021_MR
0.03917694091796875,0.13577336672989304,3.465644047036334,0.12303599625573725,3.1405199581089915,0.04188872404043309,1.0692185853907423,0.07494494665695584,1.9129856944171189,0.0918692551462641,2.3449822661959048,5.717169761657715,5.930027008056641,5.970479965209961,6.185060977935791,5.483120918273926,5.695779800415039,5.84760856628418,6.052186965942383,LIPO,Lipo-022_MR
0.018120288848876953,0.05457763092078949,3.011960860908873,0.04779384142568688,2.637585716675363,0.017416329509330808,0.9611502356877643,0.036857625164373076,2.0340517268376845,0.03925692838646455,2.1664614206347697,5.922878265380859,6.031323432922363,6.021183967590332,6.175700664520264,5.5269012451171875,5.882004261016846,5.9298014640808105,6.08618688583374,LIPO,Lipo-023_MR
0.012909889221191406,0.05164197142659077,4.000183931863794,0.03839133298845354,2.973790293067102,0.013277636582643026,1.028484913410322,0.026718637320243488,2.069624004220362,0.03426714944765763,2.6543312895431916,5.835220813751221,6.025520324707031,5.924680709838867,6.164407253265381,5.405914306640625,5.700901031494141,5.91207218170166,6.128270149230957,LIPO,Lipo-024_MR
0.024350643157958984,0.0855444772544729,3.5130259833097237,0.06819530791804596,2.800553540624695,0.025261750925324122,1.0374157424630455,0.043524983254798144,1.7874256995267517,0.058046107314453366,2.383759767670998,5.833171844482422,5.9975690841674805,5.900416374206543,6.133352279663086,5.502933502197266,5.803458213806152,5.942660331726074,6.123044967651367,LIPO,Lipo-025_MR
0.015213966369628906,0.07755463325952405,5.097591278920577,0.06438569626999424,4.232009745888984,0.0207950596896751,1.3668392262779836,0.028825720063650806,1.8946867908375693,0.046809785231289425,3.076762057073656,5.816801071166992,6.046428680419922,5.982424259185791,6.177117347717285,5.331957817077637,5.777656555175781,5.878730297088623,6.0736918449401855,LIPO,Lipo-026_MR
0.03344249725341797,0.1327037872274559,3.9681171696207973,0.11583029924446464,3.463565048120795,0.03595977147463714,1.0752713964340066,0.05912934061177566,1.768089341020697,0.0874167617078001,2.6139416236163253,5.80684757232666,6.005809783935547,5.985298156738281,6.180801868438721,5.3781023025512695,5.754168510437012,5.838963508605957,6.072135925292969,LIPO,Lipo-027_MR
0.06392860412597656,0.2064942085070527,3.2300748472372476,0.20077800805381685,3.140659480872953,0.09975915206408104,1.5604773140787547,0.11153674298583383,1.744707663551748,0.14194737414007363,2.2204043694792874,5.753239631652832,5.958435535430908,5.960370063781738,6.18624210357666,5.491228103637695,5.792028427124023,5.8142828941345215,6.133214950561523,LIPO,Lipo-028_MR
0.011974334716796875,0.05408125638297179,4.516427216857213,0.04220109705977393,3.524292815837916,0.013825859782940597,1.1546234979811907,0.025949471647834343,2.1670890776539964,0.03453529318778692,2.8841071477876308,5.885581016540527,6.098513603210449,5.96826171875,6.194334030151367,5.5001726150512695,5.776054382324219,5.921414852142334,6.148797988891602,LIPO,Lipo-029_MR
0.011636734008789062,0.03495224888484927,3.0036107057481325,0.028952393449799274,2.488014983223138,0.01160423379062081,0.9972062444491605,0.019288272056570577,1.657531698042204,0.02552043966375095,2.1930910952819564,5.881031036376953,6.046230792999268,5.883398056030273,6.1284966468811035,5.509924411773682,5.8267822265625,5.923282146453857,6.10049295425415,LIPO,Lipo-030_MR
0.008831977844238281,0.03179672187536653,3.6001772688251306,0.019255072253201888,2.180151580005096,0.008413342786269595,0.9525989997549875,0.02110775715453883,2.389921445409245,0.02247719886656796,2.5449762004859866,6.008378028869629,6.103704452514648,6.050999641418457,6.1987080574035645,5.62110710144043,5.969566345214844,6.012550354003906,6.138931751251221,LIPO,Lipo-031_MR
0.02406454086303711,0.09793582949214397,4.069713582004654,0.07384089887244727,3.068451154260522,0.026344726934411256,1.0947524881869484,0.044718781214839964,1.858284472847882,0.06446102421381283,2.6786714026241922,5.858639717102051,6.035224914550781,5.915445327758789,6.159688949584961,5.481558799743652,5.824230194091797,5.933821201324463,6.135317802429199,LIPO,Lipo-032_MR
0.01096200942993164,0.04285538279896173,3.909442331578587,0.035034544382995136,3.195993640308081,0.01136478898362725,1.0367422769381207,0.02757038942075951,2.5150830644834428,0.028650359019138705,2.613602283983305,5.887757301330566,6.046812057495117,5.963478088378906,6.172502517700195,5.49845552444458,5.771705627441406,5.923562526702881,6.155543327331543,LIPO,Lipo-033_MR
0.014836311340332031,0.055922393828211625,3.7692897413989352,0.049510579878358385,3.3371196769488654,0.015256861397006105,1.0283453052159803,0.027713213772585732,1.8679302730689924,0.03713213685603023,2.5027859672389132,5.848928451538086,6.018514633178711,6.0005645751953125,6.18889045715332,5.489624977111816,5.709850311279297,5.843350410461426,6.067357540130615,LIPO,Lipo-034_MR
0.00075531005859375,0.00727753466003378,9.6350342841193,0.002933189765599309,3.8833733226419307,0.0009972339543082853,1.3202799832496557,0.002630171147075089,3.482194226341512,0.0038400991279559094,5.084068778876839,5.839312553405762,5.966559410095215,5.912983417510986,6.098401069641113,5.250266075134277,5.591264724731445,6.0307722091674805,6.169864654541016,LIPO,Lipo-035_MR
0.0070400238037109375,0.05521373005649366,7.84282172443397,0.030004662637793444,4.262005478152308,0.014019839351817609,1.991444891134966,0.019738790384053573,2.8037919894147207,0.029661433888691136,4.213251628572582,5.6471099853515625,5.813910961151123,5.934412002563477,6.132598400115967,5.437983512878418,5.724198341369629,5.95658016204834,6.152880668640137,LIPO,Lipo-036_MR
0.001972198486328125,0.018713104110247514,9.488400562096624,0.006584946798625424,3.3388695182451706,0.0023443804385578915,1.1887082196480554,0.008117978067161857,4.116186561125685,0.010145097271333725,5.144028809155951,5.907113075256348,6.022680282592773,5.978184700012207,6.133769512176514,5.406915187835693,5.76051664352417,6.010739326477051,6.162919998168945,LIPO,Lipo-037_MR
0.028539180755615234,0.12949648035885275,4.5374965768212485,0.1161820671360374,4.070965716264325,0.03400615182857791,1.1915597789641958,0.05713252793191259,2.0018972654531724,0.08138340331868221,2.851636684991483,5.5961384773254395,5.817254066467285,5.95292329788208,6.189258575439453,5.395333290100098,5.66424560546875,5.754792213439941,6.043411731719971,LIPO,Lipo-038_MR
0.02776050567626953,0.0900682880061936,3.2444746004191303,0.07260956037748656,2.615569581783931,0.044499154449823664,1.6029657002323912,0.04159004877510597,1.4981727738818018,0.06270211914068113,2.258679913294286,5.89933967590332,6.111705780029297,6.00362491607666,6.179401874542236,5.544830799102783,5.909067153930664,5.923717021942139,6.146431922912598,LIPO,Lipo-039_MR
0.016820430755615234,0.12179964548477074,7.241168483894208,0.07128631764663851,4.238076676013422,0.027500019258297925,1.6349166860635018,0.03510468111880982,2.0870250446374707,0.06987783134354686,4.1543400888718836,5.80143928527832,5.965487957000732,5.8742852210998535,6.143669605255127,5.268670082092285,5.616676330566406,5.880039691925049,6.108001708984375,LIPO,Lipo-040_MR
0.015238285064697266,0.06432811453811382,4.221477157713235,0.04662805022559269,3.0599256693497443,0.016206574991997513,1.0635425369563472,0.027601757717889086,1.811341596989705,0.042573915031482557,2.7938765361037037,5.785700798034668,5.959061622619629,5.953861236572266,6.143570899963379,5.463669776916504,5.8574748039245605,5.967527866363525,6.134668350219727,LIPO,Lipo-041_MR
0.03477954864501953,0.11495320800338504,3.3051945591565595,0.09508450183312789,2.7339191622186982,0.05806365894352439,1.6694765892849868,0.053901370493179,1.5498003020489086,0.07815234739859989,2.2470770315479944,5.84556770324707,6.0717620849609375,5.997655391693115,6.188686370849609,5.581969738006592,5.879691123962402,5.928295135498047,6.1885223388671875,LIPO,Lipo-042_MR
0.035120487213134766,0.1444422517550379,4.112762153635391,0.12703534988196452,3.6171284566681585,0.0414076683125586,1.1790171437855521,0.05194724302191389,1.4791146807137476,0.09440220859931969,2.6879519394735127,5.800214767456055,6.021099090576172,5.910350799560547,6.119412422180176,5.39715051651001,5.761102676391602,5.782281875610352,6.063292980194092,LIPO,Lipo-043_MR
0.02288961410522461,0.09884046362026311,4.318133979216484,0.08607945507407067,3.7606320959383,0.030946337564159876,1.3519810295659813,0.03201895848769709,1.3988416035363678,0.06321620555138452,2.7617843465133736,5.859628200531006,6.124899387359619,6.0071563720703125,6.174595832824707,5.572110176086426,5.869344234466553,5.875607490539551,6.1078290939331055,LIPO,Lipo-044_MR
0.016369342803955078,0.06981338572120421,4.26488368583126,0.056639519010218464,3.4600951967101294,0.017021493568819324,1.039839129419135,0.0381639365606361,2.33142611181397,0.04438205895871761,2.7112897797641846,5.906774044036865,6.076679229736328,5.923530578613281,6.178798198699951,5.415282726287842,5.818521499633789,5.8893585205078125,6.151455879211426,LIPO,Lipo-045_MR
0.009945392608642578,0.03378865293365152,3.397414289119789,0.024553953257907324,2.4688747378180427,0.009846321729554575,0.9900375195467801,0.021322655529786516,2.1439710757669155,0.02403938713041498,2.4171356431085753,5.9182281494140625,6.065464973449707,6.021156311035156,6.196723461151123,5.557614326477051,5.89591121673584,5.980216979980469,6.121215343475342,LIPO,Lipo-046_MR
0.012500286102294922,0.06880612543477582,5.504359646500194,0.0440412822429721,3.5232191207763943,0.02063173998720913,1.6505001016273015,0.019353489507153654,1.5482424855200476,0.04390959721689569,3.512684568234696,5.778739929199219,5.998195648193359,5.932307720184326,6.190284252166748,5.416597366333008,5.689908981323242,5.971332550048828,6.172821998596191,LIPO,Lipo-047_MR
0.03769397735595703,0.13666057868977077,3.6255272598050943,0.10270361009082762,2.724668237429031,0.05333986999903573,1.4150763487908389,0.05982442815169975,1.5871079805582122,0.09375850738280178,2.4873597610517715,5.844130992889404,6.075483322143555,5.929862976074219,6.154397487640381,5.506314277648926,5.818741798400879,5.99540901184082,6.1637797355651855,LIPO,Lipo-048_MR
0.022077083587646484,0.08488223014830965,3.8448099978072547,0.07292025955035797,3.30298276178715,0.02957044996938407,1.3394177024248604,0.03949672028539908,1.7890362301811304,0.057140868907879394,2.588242364468359,5.776329517364502,5.992500305175781,5.968672752380371,6.172638893127441,5.3797607421875,5.714652061462402,5.859653472900391,6.121698379516602,LIPO,Lipo-049_MR
0.012113571166992188,0.0854572720267015,7.054666233595777,0.06080164253944531,5.019295425627004,0.017131869221657325,1.4142695694597127,0.02618872389587068,2.1619307729766395,0.04845390827642859,3.9999656260576937,5.710212707519531,5.890040397644043,5.89947509765625,6.122004985809326,5.302267074584961,5.581974506378174,5.8001203536987305,6.087568759918213,LIPO,Lipo-050_MR
0.017403602600097656,0.08071771481900214,4.63798618561236,0.05628756734677154,3.234246167169665,0.026380050183462345,1.515780130805389,0.034505775806678685,1.9826789184266869,0.052828138767949895,3.0354697028623505,5.780593395233154,6.010561466217041,5.970404624938965,6.190454483032227,5.373388290405273,5.696590900421143,5.966428279876709,6.166365623474121,LIPO,Lipo-051_MR
0.036151885986328125,0.15308224193955766,4.234418078582935,0.11931205456073712,3.300298678826095,0.04169484492166475,1.1533238792630087,0.06806339431707897,1.8827060783428646,0.09907838886965692,2.740613906034866,5.86874532699585,6.06688928604126,5.835463523864746,6.156041145324707,5.43503475189209,5.754958152770996,5.917146682739258,6.139208793640137,LIPO,Lipo-052_MR
0.018140316009521484,0.06487136689042927,3.5760860558062526,0.056106143193858315,3.092896079398427,0.022153245374710195,1.221215393983681,0.025822656267365574,1.4234946083004125,0.04464687225970465,2.461194591335923,5.686454772949219,5.928508758544922,5.917129993438721,6.136803150177002,5.4085187911987305,5.686908721923828,5.806949615478516,6.1207122802734375,LIPO,Lipo-053_MR
0.017883777618408203,0.07633223018001445,4.2682362265051665,0.06551669352359113,3.663468551603311,0.019809440382232424,1.1076758908634152,0.03281575815339011,1.8349445236987758,0.049173387980829375,2.7496070200595564,5.825434684753418,6.032376289367676,5.950016975402832,6.159462928771973,5.416848182678223,5.736449718475342,5.834043502807617,6.082010746002197,LIPO,Lipo-054_MR
0.010909080505371094,0.0598188860444111,5.4833980903320265,0.03681757966000987,3.374944927066351,0.012910979179451942,1.1835064685818877,0.0258011078274194,2.3651016383736314,0.03738493092959061,3.4269521287025833,5.844655513763428,5.982175827026367,5.932219982147217,6.1512346267700195,5.3011627197265625,5.697882652282715,5.896464824676514,6.116389274597168,LIPO,Lipo-055_MR
0.03628063201904297,0.12356704818989783,3.405867187384391,0.11072801287849643,3.051986037633445,0.047194872666693755,1.3008279357879644,0.055861911605546766,1.5397167331334982,0.08465728608280187,2.333400992142504,5.832537651062012,6.088747978210449,5.987357139587402,6.184077262878418,5.57167911529541,5.877033710479736,5.8605546951293945,6.085422039031982,LIPO,Lipo-056_MR
0.012746810913085938,0.06610443422715662,5.1859545747044695,0.051883246110435266,4.070289091233071,0.014800880755956314,1.1611429121720593,0.03198239848939011,2.5090490175912685,0.041884171090998734,3.285852321656161,5.818487167358398,6.016745567321777,5.957634925842285,6.185297012329102,5.416190147399902,5.782549858093262,5.894261837005615,6.116312026977539,LIPO,Lipo-057_MR
0.03936481475830078,0.10008846748900169,2.54258638527017,0.0891563388190093,2.264873255918892,0.06009318223567561,1.5265705513652486,0.048644504912658704,1.2357353350696965,0.07479948097386568,1.9001603953055288,5.913429260253906,6.1386332511901855,6.009841442108154,6.167008399963379,5.604708671569824,5.991245746612549,5.938972473144531,6.1685967445373535,LIPO,Lipo-058_MR
0.03787708282470703,0.13195799350751258,3.483846928754708,0.1155605909277142,3.050936128137443,0.04993583661328671,1.3183650826737636,0.05305626631866289,1.400748113489179,0.09016364747105854,2.3804268159737236,5.885629653930664,6.1457061767578125,5.996708869934082,6.170154571533203,5.573725700378418,5.862149715423584,5.871373653411865,6.10917854309082,LIPO,Lipo-059_MR
0.027197837829589844,0.08824978747608725,3.2447342168035833,0.06716966860568618,2.469668520338182,0.03816378029037537,1.4031911837103215,0.0505274277326464,1.8577730138513087,0.06341442670628794,2.331597231649202,5.865860462188721,6.108931064605713,5.96278190612793,6.174142360687256,5.382632255554199,5.696783065795898,5.919182300567627,6.1449151039123535,LIPO,Lipo-060_MR
0.0261077880859375,0.09366917600283386,3.587785369509468,0.08283023393050826,3.172624273324807,0.02654780750287955,1.016853562889283,0.05471333516766208,2.095670228012543,0.06280256985860433,2.405510018573026,5.876734733581543,6.022863864898682,5.967695236206055,6.181181907653809,5.520873069763184,5.801764488220215,5.895512104034424,6.071232795715332,LIPO,Lipo-061_MR
0.011118888854980469,0.046455171303875886,4.178037043935093,0.03766680289152191,3.387637875188503,0.011756523555192189,1.057346029362081,0.022582201990474005,2.030974675190862,0.029750904985519355,2.675706054488758,5.818526744842529,6.018187046051025,5.927128791809082,6.158987998962402,5.4152750968933105,5.69857120513916,5.880797386169434,6.116596698760986,LIPO,Lipo-062_MR
0.015380382537841797,0.053554619258591174,3.4820060103684485,0.04009783348487872,2.607074779543001,0.025140035804952277,1.6345509871154413,0.0216336282827001,1.406571921325993,0.03643416920181153,2.368871217829401,5.948103904724121,6.158026695251465,6.023024559020996,6.176971912384033,5.6411919593811035,5.982717514038086,5.982784271240234,6.189680099487305,LIPO,Lipo-063_MR
0.05313920974731445,0.1511419699707801,2.8442640048063277,0.13279989346332854,2.4990937784712197,0.07935390117208385,1.4933207817018095,0.07523568429792249,1.4158221489829974,0.10532588351924232,1.982074332669615,5.778110027313232,6.013896465301514,5.952125549316406,6.163432598114014,5.578344345092773,5.968618392944336,5.8603949546813965,6.171896934509277,LIPO,Lipo-064_MR
0.0065059661865234375,0.05139721714863299,7.900000810808045,0.028529486565616935,4.385120041587807,0.008516140787691029,1.308972019499775,0.019378439080128373,2.97855979249803,0.02955479124057092,4.542714328065187,5.772548198699951,5.930887222290039,5.937427997589111,6.126118183135986,5.269502639770508,5.578400611877441,5.884638786315918,6.120073318481445,LIPO,Lipo-065_MR
0.018604278564453125,0.07276224113013541,3.9110466857174475,0.061755947646531695,3.3194468808943145,0.02011614306908882,1.0812637634273405,0.03316370979024441,1.782584143185658,0.04849717766848016,2.6067741048234883,5.874262809753418,6.097892761230469,5.984895706176758,6.179808616638184,5.480805397033691,5.771045207977295,5.889713287353516,6.099888324737549,LIPO,Lipo-066_MR
0.016733646392822266,0.07543350910634672,4.507891600947606,0.06512069440344703,3.891599831784516,0.019433549893847157,1.161345102208683,0.03179193730790075,1.8998798924506173,0.04715758932036351,2.8181282209542253,5.890052795410156,6.111093521118164,5.853742599487305,6.1386260986328125,5.439033508300781,5.726480960845947,5.832283020019531,6.096837997436523,LIPO,Lipo-067_MR
0.03624296188354492,0.12232501645905813,3.375137581214643,0.10389118209906201,2.86651940224115,0.038286243808471454,1.0563770523976876,0.06628939830522995,1.8290276668875143,0.08468845511328027,2.3366862790777545,5.8219380378723145,5.995195388793945,5.904331684112549,6.136341571807861,5.435705184936523,5.863669395446777,5.921390056610107,6.084177017211914,LIPO,Lipo-068_MR
0.027248859405517578,0.08500869654136523,3.119714630220656,0.07579396402894645,2.781545278117082,0.03651667698721894,1.3401171418812974,0.04869379050492739,1.7870022341208573,0.06140204741114985,2.253379635586519,5.76162576675415,5.988706111907959,5.9481987953186035,6.186277389526367,5.374238014221191,5.7073774337768555,5.7907395362854,6.110882759094238,LIPO,Lipo-069_MR
0.020153522491455078,0.09108387370196169,4.519499186585798,0.07021109865894459,3.4838110236363518,0.03714842222467496,1.8432710116911546,0.0382095348232383,1.8959224562462589,0.05248958684904892,2.6044856836539223,5.801274299621582,6.065940856933594,5.929450511932373,6.1769304275512695,5.4419450759887695,5.762157440185547,5.90097713470459,6.18301248550415,LIPO,Lipo-070_MR
0.022135257720947266,0.08936900508399503,4.037403396726142,0.07191199614993593,3.248752039347753,0.027052993432363337,1.2221669858893227,0.035912320419839716,1.6224028040941565,0.058744178924371226,2.653872528895589,5.808862686157227,6.031388759613037,5.89088249206543,6.12258768081665,5.447010517120361,5.805942535400391,5.929073810577393,6.131003379821777,LIPO,Lipo-071_MR
0.03234672546386719,0.11866341358569343,3.6684819003836107,0.10877382164397886,3.3627449597034076,0.0392012820342984,1.211908449867779,0.05249308769606387,1.6228248985033156,0.07760496618016077,2.399159144416571,5.891913890838623,6.136568069458008,5.933416366577148,6.18717098236084,5.491649627685547,5.747982978820801,5.838720321655273,6.084024429321289,LIPO,Lipo-072_MR
0.005023956298828125,0.02066097411136525,4.112482624770903,0.01212621639629674,2.4136739132038496,0.004658553237135266,0.9272660205188689,0.013853127213167227,2.757408467568456,0.013616828377337242,2.7103741481135057,5.914134979248047,6.024199485778809,6.001862525939941,6.16617488861084,5.576137542724609,5.897320747375488,6.025299072265625,6.146584510803223,LIPO,Lipo-073_MR
0.05385780334472656,0.1515424714100959,2.813750911870878,0.14942660961645515,2.7744648424551404,0.08493418585496215,1.577007690812208,0.08071870880468168,1.49873720806352,0.10427866490829274,1.9361845279688297,5.781574249267578,6.0665507316589355,5.955554008483887,6.154638290405273,5.5850677490234375,5.9556379318237305,5.900109767913818,6.168349742889404,LIPO,Lipo-074_MR
0.016142845153808594,0.07478948252975215,4.632977364732596,0.059809177959266435,3.704993781422589,0.01661506194224671,1.0292517515606097,0.035517572712990386,2.20020389048778,0.04671671648867459,2.893956245258924,5.761868953704834,5.924015045166016,5.930756568908691,6.176198959350586,5.419393062591553,5.690131187438965,5.878560543060303,6.1179914474487305,LIPO,Lipo-075_MR
0.006557941436767578,0.040572552214257485,6.186772287880153,0.02471461660326213,3.768648920560472,0.008605847553610602,1.312276804210742,0.01648646816300925,2.5139661862356593,0.025704986680580078,3.9196671290463376,5.808632850646973,5.963364601135254,5.968567848205566,6.155289173126221,5.346481800079346,5.6792683601379395,5.95050048828125,6.117035865783691,LIPO,Lipo-076_MR
0.010769844055175781,0.040273690669835105,3.7394834195065396,0.03135084286682854,2.9109812172210394,0.010558176159634058,0.9803453329583427,0.02030877013692134,1.8857052317400105,0.028106033939650388,2.609694968535175,5.80424165725708,5.951591968536377,5.963678359985352,6.183048248291016,5.367164611816406,5.775390625,5.858361721038818,6.09419584274292,LIPO,Lipo-077_MR
0.018909454345703125,0.0765409785347515,4.047760271545937,0.06316656450775326,3.340473497976523,0.020280016708596804,1.0724797031707096,0.04287756485422278,2.2675187445997658,0.04990264877653772,2.6390302688757705,5.841071128845215,6.036619663238525,5.970651626586914,6.188875675201416,5.456625461578369,5.709467887878418,5.892050743103027,6.132401466369629,LIPO,Lipo-078_MR
0.004194736480712891,0.014298468702349965,3.408660992527959,0.007686207440883663,1.8323413527430636,0.003808442458648642,0.9079076592970652,0.012060476078943339,2.875138255529016,0.010581067720522697,2.52245702312967,6.025470733642578,6.090674877166748,6.030951023101807,6.170320987701416,5.6957292556762695,6.02719783782959,6.03657341003418,6.141417980194092,LIPO,Lipo-079_MR
0.004610538482666016,0.02824364981393046,6.12587632905636,0.015540911973744187,3.3707295416526604,0.005148909737073382,1.1167672905797235,0.012832957059004002,2.7833905461034085,0.01802576377906462,3.90967882603012,5.926443099975586,6.072818756103516,5.9358625411987305,6.142789363861084,5.356663703918457,5.716193199157715,5.987252235412598,6.150416374206543,LIPO,Lipo-080_MR
0.01399087905883789,0.03801025810565761,2.716786470524327,0.02966881524201881,2.1205811237047403,0.013507316757426224,0.9654366281243436,0.0295706663118267,2.1135659204693096,0.02908045204588916,2.078527813607339,5.9386444091796875,6.098784446716309,5.993669509887695,6.19399356842041,5.541080474853516,5.824119567871094,5.937788963317871,6.108996391296387,LIPO,Lipo-081_MR
0.015282154083251953,0.09614619767808108,6.291399382594625,0.07922212131217066,5.1839596068067255,0.021404981392947775,1.4006511954943572,0.0325978666309652,2.1330661320859585,0.05395097322315223,3.5303228606397603,5.833011627197266,6.040571212768555,5.939714431762695,6.175471305847168,5.376062870025635,5.682567596435547,5.810372352600098,6.111317157745361,LIPO,Lipo-082_MR
0.02687215805053711,0.13880958221648143,5.165552029721955,0.11292498260257844,4.202302634837881,0.03280610948422691,1.220821089780703,0.06636639036673841,2.469707328486728,0.08537377006524594,3.1770332004729895,5.757951259613037,5.945369243621826,5.9562668800354,6.187187671661377,5.425905227661133,5.79794454574585,5.8656110763549805,6.11911678314209,LIPO,Lipo-083_MR
0.017075061798095703,0.06523108800081445,3.82025263332066,0.05135191925438676,3.0074203998435762,0.016871054442788136,0.9880517424629324,0.03648575889621952,2.1367850939454667,0.04356819113229449,2.5515670825556014,5.8933868408203125,6.028583526611328,5.855398178100586,6.141902923583984,5.505397796630859,5.854953765869141,5.950728416442871,6.153006553649902,LIPO,Lipo-084_MR
0.0021114349365234375,0.02390656098123145,11.322370083017358,0.01191940756382337,5.645142507693836,0.0039603692262062395,1.8756677750389816,0.005648439886158485,2.67515377192778,0.012897174638283104,6.108222106667257,5.873208045959473,6.00687313079834,5.9922590255737305,6.154253005981445,5.3151021003723145,5.653500080108643,5.975309371948242,6.15383243560791,LIPO,Lipo-085_MR
0.00924062728881836,0.03599591319721185,3.895392933642005,0.028819011610096368,3.1187255499108093,0.009324304172281472,1.0090542330413026,0.019722054217766072,2.1342742498540397,0.024290996847867063,2.628714458607785,5.905738353729248,6.081254482269287,5.973519325256348,6.189815998077393,5.516989231109619,5.789856433868408,5.934759140014648,6.113030433654785,LIPO,Lipo-086_MR
0.0044803619384765625,0.015492354556272403,3.4578277805972037,0.011796858248544595,2.6330086900231366,0.004329055350041244,0.9662267797153534,0.010320560524405664,2.303505304051813,0.011048327044477446,2.465939702370815,5.94635009765625,6.085768699645996,6.029685974121094,6.199321746826172,5.581518173217773,5.933067321777344,5.977948188781738,6.141045570373535,LIPO,Lipo-087_MR
0.024953842163085938,0.08626236555437572,3.45687571564534,0.06916516575751075,2.771722991123042,0.03355892448723807,1.3448394367295948,0.04585709868780441,1.83767613866209,0.05688230436049935,2.2794999340680935,5.850813865661621,6.085395336151123,5.951073169708252,6.184891700744629,5.338332176208496,5.74101448059082,5.907680034637451,6.149014472961426,LIPO,Lipo-088_MR
0.0020465850830078125,0.008793690610048088,4.2967417849574305,0.005332326677404353,2.605462468700751,0.0019888696275529583,0.9717943935592687,0.00513147231157518,2.5073217238622636,0.006059053674846382,2.9605532257712617,6.011753082275391,6.098818778991699,6.059736251831055,6.200152397155762,5.728331565856934,6.0596208572387695,5.997106552124023,6.12574577331543,LIPO,Lipo-089_MR
0.00949859619140625,0.04698517334384178,4.946533459440718,0.03642913449584739,3.835208425506283,0.016680225176969543,1.7560708214285983,0.017548388257353054,1.8474698185960954,0.02825971226167212,2.9751430570139603,5.763583183288574,5.990157604217529,5.9709320068359375,6.173988342285156,5.43149995803833,5.749303817749023,5.851479530334473,6.159843444824219,LIPO,Lipo-090_MR
0.014244556427001953,0.060584923388887546,4.253195328854865,0.047181602605064654,3.3122526295800316,0.01787537673774864,1.2548908967747965,0.024282115614226996,1.704658105156356,0.0390586048246746,2.74200025847296,5.8084235191345215,6.002264976501465,5.877588272094727,6.156062126159668,5.3393754959106445,5.674430847167969,5.905855655670166,6.121461868286133,LIPO,Lipo-091_MR
0.005024909973144531,0.0173209589439125,3.447011899987188,0.01347322643022153,2.681281791994422,0.0047887077500661235,0.9529918437824216,0.011149054892541699,2.2187527268349236,0.012212992810191281,2.4304850376648974,5.980913162231445,6.095610618591309,5.98151969909668,6.19141960144043,5.523845672607422,5.881799697875977,5.958837509155273,6.148355484008789,LIPO,Lipo-092_MR
0.002331256866455078,0.018294790743766498,7.847574641501914,0.009592839865376845,4.114861324290903,0.002726429084134452,1.1695053549490269,0.0069801680165255675,2.9941522855938,0.010408563748569577,4.464767160868557,5.910219192504883,6.055050849914551,5.953342437744141,6.163547515869141,5.328474044799805,5.628928184509277,5.986102104187012,6.169051647186279,LIPO,Lipo-093_MR
0.01689767837524414,0.04832993577031175,2.8601507316892665,0.037751683114521484,2.234132993589192,0.027034093395911896,1.5998693309741723,0.026679645211402203,1.5788931964498207,0.03364823460219668,1.9912921729277968,5.8860392570495605,6.1273956298828125,6.043491363525391,6.202322006225586,5.631049156188965,5.898101806640625,5.958583831787109,6.20615291595459,LIPO,Lipo-094_MR
0.009484291076660156,0.030694995216265397,3.2364003386398683,0.026433532567864404,2.7870828176168385,0.009214471378669487,0.9715498595194652,0.018032573080859038,1.901307532848705,0.02163284857203962,2.2809112023315805,5.959644317626953,6.079095840454102,6.016176223754883,6.19364070892334,5.54490852355957,5.77383279800415,5.900081634521484,6.071322441101074,LIPO,Lipo-095_MR
0.021581172943115234,0.10270649674379229,4.759076321928748,0.090677557572576,4.201695421960347,0.02978870452622573,1.3803091612143916,0.04091273104222637,1.895759428482961,0.06299334067642803,2.918901194733812,5.845358848571777,6.076294422149658,5.949377059936523,6.182987689971924,5.413736343383789,5.69710636138916,5.821183204650879,6.090907573699951,LIPO,Lipo-096_MR
0.006540775299072266,0.02487576739213182,3.8031774862966623,0.019977157452842675,3.0542444889111713,0.006545544832050609,1.000727669960214,0.014073021443380185,2.1515797874264853,0.017150534021993735,2.6220909627512676,5.877559185028076,6.01849365234375,5.934640884399414,6.154097557067871,5.370943546295166,5.752307891845703,5.892819881439209,6.076933860778809,LIPO,Lipo-097_MR
0.016116619110107422,0.07461869078571226,4.629919214242866,0.05029717078292606,3.1208244875091506,0.020870816641405554,1.294986470112201,0.029007108950565907,1.7998248115280084,0.047494382113313804,2.9469178566334358,5.848808765411377,6.064969062805176,5.937121868133545,6.167450904846191,5.458819389343262,5.846264362335205,5.949643135070801,6.121399879455566,LIPO,Lipo-098_MR
0.022626876831054688,0.11319869285705408,5.002839926776513,0.07110659020219146,3.1425706387765153,0.03255196077708433,1.4386407206672283,0.041026132944011806,1.8131585334887843,0.07173976686294736,3.1705540138419215,5.796605587005615,5.994976997375488,5.941601276397705,6.170592308044434,5.4772138595581055,5.87154483795166,5.936833381652832,6.11422061920166,LIPO,Lipo-099_MR
0.004248619079589844,0.029579054649730097,6.962023301075182,0.019326155318992733,4.548797966815792,0.004779965533401764,1.1250606828363598,0.011155897319326868,2.625764007717012,0.016247412174948295,3.824154067249569,5.817283630371094,5.966805458068848,5.924557685852051,6.152703285217285,5.352435111999512,5.657878398895264,5.948824882507324,6.145793914794922,LIPO,Lipo-100_MR
0.0126953125,0.0826632385898165,6.5113145877008245,0.046631572134117505,3.67313017326795,0.021352447032597865,1.681914502967362,0.029602402806176542,2.331756661256659,0.046612161645271044,3.671601225197,5.830386638641357,6.0203142166137695,5.963312149047852,6.189638614654541,5.4742841720581055,5.7808356285095215,6.004176616668701,6.190121650695801,LIPO,Lipo-101_MR
0.009710311889648438,0.044708122189661026,4.604185391353663,0.032690736685708544,3.366596602792136,0.011335038637156458,1.1673185262004577,0.01609980793219279,1.6580097050496112,0.030443775197340983,3.135197323354973,5.826807975769043,6.019044876098633,5.895301818847656,6.163910388946533,5.307016372680664,5.62764835357666,5.8575758934021,6.11830997467041,LIPO,Lipo-102_MR
0.009911060333251953,0.03040471911322129,3.0677533395371537,0.02207988384446935,2.2278001368218168,0.009214852835896181,0.9297535509338543,0.02200628551685213,2.220374266038689,0.022333359514220774,2.2533751414609227,5.969993591308594,6.090794563293457,6.022946357727051,6.189846992492676,5.594429016113281,5.937578201293945,5.983034610748291,6.126869201660156,LIPO,Lipo-103_MR
0.01039886474609375,0.07295237934749821,7.015410910195082,0.04215751502772491,4.054045851793823,0.01697004668938007,1.6319118273594675,0.026835219959480128,2.5805888247245745,0.04236218445623763,4.07372773406571,5.793188095092773,5.962485313415527,5.983132362365723,6.176163673400879,5.376595497131348,5.647444725036621,5.993571758270264,6.177512168884277,LIPO,Lipo-104_MR
0.01245260238647461,0.05782568305824043,4.643658797333781,0.04476444288042103,3.594783286520817,0.01586427862292794,1.2739719289872788,0.021680489828668215,1.7410394827848696,0.0367095132024815,2.9479367110433388,5.809267044067383,5.995077133178711,5.9188337326049805,6.135505199432373,5.4798688888549805,5.8850603103637695,5.886308670043945,6.088980197906494,LIPO,Lipo-105_MR
0.02129077911376953,0.09578396447778914,4.498845203245292,0.0802925483923218,3.7712340281644927,0.025570629425203606,1.2010183976067916,0.04414981947360275,2.073658202036741,0.059375538250321824,2.788789928501123,5.886556625366211,6.109053611755371,5.899343490600586,6.169643878936768,5.448706150054932,5.742184638977051,5.873549461364746,6.113042831420898,LIPO,Lipo-106_MR
0.025630950927734375,0.09969763002629861,3.889734384418621,0.09219388189148958,3.5969732914589936,0.029249887477476477,1.141193557274171,0.04277193756996667,1.6687605935087917,0.06571281342382918,2.563806078480796,5.75150203704834,5.990558624267578,5.954066276550293,6.170384407043457,5.402948379516602,5.65854549407959,5.804074764251709,6.081368446350098,LIPO,Lipo-107_MR
0.012646675109863281,0.05064961085236064,4.004971295826642,0.04020142181281017,3.1788110056963985,0.013793049568647575,1.0906454496831135,0.021476725666701668,1.6982098850513598,0.03369325889548236,2.6641968707835253,5.799399375915527,6.005953311920166,5.834371566772461,6.113090991973877,5.3496904373168945,5.686428070068359,5.845897674560547,6.098267555236816,LIPO,Lipo-108_MR
0.04474925994873047,0.1293494652957179,2.8905380008191064,0.1134589873890377,2.535437729353538,0.0744360307986085,1.6634021266467665,0.0726434042320534,1.6233427788940784,0.09077867902755088,2.0286069277008676,5.804777145385742,6.019250392913818,5.987591743469238,6.1775102615356445,5.538490295410156,5.984356880187988,5.898466110229492,6.156049728393555,LIPO,Lipo-109_MR
0.0027704238891601562,0.009673273208420596,3.491609471812014,0.004568417601689134,1.6489899360399567,0.0026335017795418025,0.9505737674686531,0.007860196105070827,2.837171511590774,0.007604815024706113,2.744990614813579,6.042515754699707,6.110478401184082,6.111720085144043,6.191814422607422,5.825222015380859,6.091275215148926,5.908542156219482,6.070124626159668,LIPO,Lipo-110_MR
0.006705760955810547,0.02477549453112715,3.69465266475575,0.013846880581382948,2.064920002879704,0.006604134883787083,0.9848434918679415,0.016658294763089998,2.484172941912905,0.0176568073509884,2.633076415425252,5.982384204864502,6.094050407409668,5.99601411819458,6.181324005126953,5.584256649017334,5.927052974700928,6.03037691116333,6.141605377197266,LIPO,Lipo-111_MR
0.01865863800048828,0.06576126799240001,3.5244390692551297,0.05677032046281738,3.0425741705043015,0.023393082434438384,1.253739415300948,0.03443681329594028,1.8456221101892858,0.04398432542666342,2.357315783303934,5.8838982582092285,6.119017601013184,5.981776714324951,6.180871963500977,5.506587505340576,5.885570526123047,5.9349493980407715,6.119902610778809,LIPO,Lipo-112_MR
0.01009368896484375,0.04384561708633328,4.343860188326114,0.033707283100739005,3.3394381205682007,0.010420983311490772,1.0324246193379603,0.021687264437844078,2.148594337257392,0.02851874709091362,2.825400994248404,5.874512195587158,6.028674125671387,5.974143028259277,6.1848673820495605,5.432151794433594,5.751194477081299,5.921584606170654,6.1428327560424805,LIPO,Lipo-113_MR
0.01436614990234375,0.05911357520614047,4.114779148218757,0.052543618411220905,3.657457439454557,0.01532501546702747,1.0667440409407727,0.031027494699003455,2.15976258860529,0.03815360691720571,2.6557971772944824,5.838001251220703,6.039920806884766,5.980805397033691,6.186646461486816,5.4662370681762695,5.751246452331543,5.874411582946777,6.061718463897705,LIPO,Lipo-114_MR
0.03062915802001953,0.11424746627778859,3.730021860310254,0.09774872207304952,3.191360666706976,0.03268007977749221,1.0669594340966813,0.060666115556273326,1.9806648197764085,0.07654443872343109,2.4990701240530226,5.867404937744141,6.060338973999023,5.970565319061279,6.167859077453613,5.444199562072754,5.855385780334473,5.897049903869629,6.081326961517334,LIPO,Lipo-115_MR
0.017320632934570312,0.06430045142707286,3.7123593893120113,0.057335667859376827,3.310250553398363,0.02008236724549306,1.1594469859667054,0.03430623378216069,1.9806559093536182,0.041720236545643274,2.4087002256927628,5.8070526123046875,6.018779754638672,5.919548034667969,6.1622419357299805,5.42952823638916,5.784602165222168,5.859492301940918,6.052542686462402,LIVER,Liver-001_MR
0.0027213096618652344,0.023419391896368325,8.605895229638811,0.011823873177149835,4.344904181174207,0.00310059935964091,1.1393734455715179,0.009456439691575724,3.4749463005364594,0.013338039243876665,4.901312929453708,5.878808498382568,6.009272575378418,5.960909843444824,6.152652263641357,5.163361549377441,5.535866737365723,5.964414119720459,6.137089252471924,LIVER,Liver-002_MR
0.024167537689208984,0.10172816092637049,4.209287687546096,0.07017556537215341,2.9037106401775055,0.03344673139775978,1.3839522250200844,0.04624699238252106,1.9135988879488477,0.06660198853842303,2.755843885979436,5.882865905761719,6.121835708618164,6.000300407409668,6.202045917510986,5.482687473297119,5.764120101928711,5.987253189086914,6.19188117980957,LIVER,Liver-003_MR
0.023581504821777344,0.09208249826957626,3.904859334334993,0.0721897118962147,3.061283909952556,0.02964240604472934,1.2570187398374768,0.048294690168575016,2.047989305758053,0.0612213218261104,2.5961572990032424,5.825992584228516,6.065925598144531,5.970028400421143,6.192465782165527,5.4453959465026855,5.67386531829834,5.925602912902832,6.162121772766113,LIVER,Liver-004_MR
0.006053924560546875,0.034134250048168724,5.638357948336536,0.023199506706362172,3.832137013431224,0.007512404785586568,1.2409127833235025,0.016267321770669696,2.6870660077303854,0.020927604063331273,3.4568599732998773,5.852136611938477,6.026615142822266,5.9690704345703125,6.194270133972168,5.439757347106934,5.72001838684082,5.971218585968018,6.160363674163818,LIVER,Liver-005_MR
0.002330303192138672,0.02521896861071582,10.822136996774592,0.012544930396870768,5.383366681865416,0.0030794113107504018,1.3214581289497127,0.009311006018378976,3.9956028441969607,0.012690649143678456,5.445898511191737,5.766596794128418,5.903048992156982,5.959994316101074,6.135869979858398,5.232568740844727,5.578516960144043,5.938060760498047,6.1284379959106445,LIVER,Liver-006_MR
0.012442588806152344,0.06218229829721622,4.997533012674947,0.045379050005692534,3.647071702034988,0.01773277627137304,1.425166602864743,0.024822456422327832,1.9949575493870435,0.037401613206384354,3.005932586035871,5.7755537033081055,6.019432544708252,5.908458709716797,6.169609546661377,5.453307151794434,5.7709197998046875,5.914551734924316,6.106048583984375,LIVER,Liver-007_MR
0.021730899810791016,0.07983020071736746,3.6735783919054237,0.06374361265255857,2.933315411437818,0.02259604111353042,1.0398110944397643,0.044098594073773256,2.029302705580924,0.055633373614625725,2.5601032860115045,5.863518714904785,6.034487724304199,5.971339225769043,6.172332763671875,5.347079753875732,5.716919898986816,5.851699352264404,6.069126129150391,LIVER,Liver-008_MR
0.04743671417236328,0.14389219178684698,3.0333500952554986,0.12887124694825047,2.716697857971632,0.05742027381040771,1.2104603513887002,0.07203254344884158,1.5184974237914992,0.10288885805618975,2.168970557122344,5.7981133460998535,6.0598530769348145,5.931744575500488,6.1452412605285645,5.492824554443359,5.763253211975098,5.810456275939941,6.052243232727051,LIVER,Liver-009_MR
0.004958152770996094,0.035455106782706025,7.150855754496156,0.021375800642772447,4.311234146610732,0.006961486457157662,1.4040455666119853,0.012515725257003396,2.5242667163363395,0.020034639885125216,4.040738638578471,5.826511859893799,5.985369682312012,5.950857162475586,6.15248441696167,5.342404365539551,5.645542144775391,5.934519290924072,6.1716766357421875,LIVER,Liver-010_MR
0.03259611129760742,0.10619024003585764,3.257756929615183,0.09378667005015018,2.8772340486116113,0.03500570082596255,1.0739222776340567,0.06064899035891358,1.8606198512141767,0.07326100996772311,2.2475376532943665,5.822078704833984,6.021317005157471,5.92291259765625,6.162994384765625,5.467476844787598,5.807310104370117,5.88173246383667,6.0512003898620605,LIVER,Liver-011_MR
0.007236480712890625,0.037777801759489194,5.220458818829715,0.02804002695683039,3.874810052182015,0.00820015599049384,1.13316748626328,0.016411873809317967,2.26793268456531,0.02231206332731972,3.0832711893866493,5.834465026855469,6.028885841369629,5.947872638702393,6.174715518951416,5.417353630065918,5.722657203674316,5.946478843688965,6.138098239898682,LIVER,Liver-012_MR
0.0029850006103515625,0.024752352304062697,8.292215852843306,0.014414471651662097,4.828951562743162,0.0041995600856239435,1.4068828000344482,0.007207611535477554,2.4146016468024114,0.014000555684788196,4.6902867400994825,5.860912322998047,5.997747421264648,5.982562065124512,6.154738426208496,5.1898369789123535,5.54338264465332,5.944300651550293,6.139618873596191,LIVER,Liver-013_MR
0.003796100616455078,0.027586939176103442,7.267158932756536,0.019083802850332177,5.027198830194576,0.00492444716820728,1.2972348979666657,0.009219361315842889,2.4286334744513334,0.016363145369041376,4.310502780954727,5.816691875457764,5.966991424560547,5.9620256423950195,6.167417049407959,5.225613117218018,5.577264785766602,5.8989057540893555,6.122870922088623,LIVER,Liver-014_MR
0.03001260757446289,0.08928953952198526,2.9750667132066435,0.07466110046453878,2.4876570755383343,0.030195593612859284,1.006096637120785,0.05475896185302531,1.8245313564258576,0.0645515345282206,2.1508132160770326,5.798903942108154,5.963925838470459,5.901065349578857,6.165962219238281,5.444728851318359,5.704980850219727,5.865120887756348,6.09099817276001,LIVER,Liver-015_MR
0.011158943176269531,0.06350003394629766,5.690500976501624,0.046634396254603416,4.17910134740734,0.01288035460726178,1.1542619100376688,0.025929893200611787,2.32368509760879,0.037180362139849876,3.3318862040676986,5.81526517868042,5.992649555206299,5.928467273712158,6.168022155761719,5.424101829528809,5.7006072998046875,5.889281272888184,6.129596710205078,LIVER,Liver-016_MR
0.00165557861328125,0.015174623502161921,9.165696949368948,0.007912821981676643,4.779461466574136,0.0021789931197986334,1.3161440603774364,0.005413887355757652,3.270068006222718,0.00850801502485865,5.138966864477532,5.801419734954834,5.934523582458496,5.983946323394775,6.158371448516846,5.183510780334473,5.517940521240234,5.982061862945557,6.153451442718506,LIVER,Liver-017_MR
0.00903177261352539,0.04737110702103564,5.244934366566336,0.03299994979965959,3.653758201646825,0.012115160617213405,1.3413919638710696,0.018256630952578234,2.0213762591272215,0.029719852230016386,3.2905854250200766,5.893925666809082,6.081128120422363,5.949501037597656,6.158890724182129,5.5028886795043945,5.779260158538818,5.962710380554199,6.178055286407471,LIVER,Liver-018_MR
0.0074405670166015625,0.03534020645639657,4.749659384956947,0.0262339011924837,3.525788542199093,0.007875273563513474,1.0584224242208646,0.01386298994924573,1.8631606014310924,0.022187096276525153,2.9819053316726465,5.757969856262207,5.916399002075195,5.911111831665039,6.171003341674805,5.43223762512207,5.75339937210083,5.9095354080200195,6.124966621398926,LIVER,Liver-019_MR
0.002555370330810547,0.019171481998228046,7.502398671178235,0.011581395556504503,4.532161188245108,0.0031311056332583576,1.225299261916599,0.005933415523998065,2.32193049796076,0.011190576953254094,4.379221683100507,5.857325553894043,6.029268264770508,5.991657257080078,6.178867340087891,5.368417263031006,5.724508285522461,5.988645553588867,6.161863327026367,LIVER,Liver-020_MR
0.007095813751220703,0.04591432785900906,6.47061278137163,0.028667948016220635,4.040115569568488,0.009167199494640954,1.291914767903291,0.015043408969461325,2.1200370100615014,0.026154745788971923,3.6859350944944893,5.878414630889893,6.040081024169922,5.953832626342773,6.173274993896484,5.414255619049072,5.753763198852539,5.937827110290527,6.14954948425293,LIVER,Liver-021_MR
0.03235960006713867,0.11587271458972737,3.580782164844335,0.08780756554648406,2.7134926955023175,0.03366410257712005,1.0403123680191095,0.055115410860224756,1.7032161619337527,0.08066010705971394,2.492616780374144,5.8451433181762695,6.039089202880859,5.937530994415283,6.147631645202637,5.424421310424805,5.7431440353393555,5.891279220581055,6.1286211013793945,LIVER,Liver-022_MR
0.023565292358398438,0.07904056442760066,3.3541077990637955,0.060223763915189465,2.5556117633995186,0.024536223532976464,1.0412013035017138,0.03987456908953391,1.6920881592390435,0.05569688396496986,2.363512384347576,5.874460697174072,6.053103446960449,5.92482852935791,6.1631317138671875,5.375128746032715,5.758331298828125,5.878349304199219,6.105621337890625,LIVER,Liver-023_MR
0.022145748138427734,0.07343274315758208,3.31588301012645,0.05992493799411136,2.705933010716327,0.02221430423517745,1.0030952246620437,0.041924211817160995,1.8931034808157374,0.051828662852926755,2.3403426755118706,5.837551116943359,5.990901947021484,5.962491035461426,6.172364234924316,5.408634662628174,5.732296943664551,5.879549980163574,6.09829568862915,LIVER,Liver-024_MR
0.004150390625,0.031247478892623803,7.528786186182642,0.0165046709124681,3.9766452455341224,0.005552685592192574,1.3378673756807693,0.013623599689140065,3.2824782280240874,0.017794194051703016,4.287343719186872,5.861395835876465,6.002467155456543,5.947494983673096,6.146938800811768,5.241289138793945,5.62457799911499,5.986205101013184,6.140082836151123,LIVER,Liver-025_MR
0.006083488464355469,0.03949076809010421,6.49145690123687,0.02300291692472456,3.7811987723024205,0.00701741837838199,1.1535169145679185,0.01747041180283304,2.8717705618232596,0.024186042877431646,3.9756799511239946,5.766918182373047,5.945524215698242,5.944981575012207,6.153348922729492,5.3473310470581055,5.7061662673950195,5.9244818687438965,6.130817890167236,LIVER,Liver-026_MR
0.039578914642333984,0.14390211407112474,3.6358267783052827,0.12155854350726258,3.0712947510767497,0.04303855941469692,1.0874110351311181,0.06735232832613747,1.701722038554246,0.09790601321401482,2.4736905840360714,5.881314277648926,6.079077243804932,5.926138401031494,6.144186973571777,5.434421062469482,5.784440994262695,5.857797622680664,6.089781761169434,LIVER,Liver-027_MR
0.005415439605712891,0.03609090967108841,6.664434589699667,0.023789926335780365,4.392973449643736,0.007581886901050439,1.4000475404760706,0.01286561647873441,2.3757245317474944,0.020694998774160922,3.8214737982843126,5.848109722137451,6.024168014526367,5.933793544769287,6.1551103591918945,5.349487781524658,5.650447845458984,5.896523952484131,6.147237777709961,LIVER,Liver-028_MR
0.0007343292236328125,0.005655979704215497,7.702134820247085,0.0026354586038905836,3.588884427081042,0.0008189419255586472,1.115209291841039,0.0021240118824152887,2.892412408406699,0.0032950379592193713,4.487078795707868,6.033852577209473,6.1176958084106445,6.0569748878479,6.18483304977417,5.639111042022705,5.979607582092285,5.950373649597168,6.122498512268066,LIVER,Liver-029_MR
0.004711151123046875,0.03373852446657111,7.161403226377281,0.024527338005327692,5.206219308726379,0.0067357163626979855,1.429735937017106,0.011657618709989492,2.4744682691833084,0.019266941871023846,4.08963764299431,5.75698184967041,5.917191505432129,5.988101482391357,6.180995941162109,5.187787055969238,5.496815204620361,5.878349304199219,6.1089019775390625,LIVER,Liver-030_MR
0.014721870422363281,0.053861102476105316,3.6585749191582604,0.03963001170473035,2.691912348678662,0.01642190488442452,1.1154760406475532,0.025374336296408728,1.723579839560701,0.03854454985207667,2.618181152560209,5.852690696716309,6.045104026794434,5.960960865020752,6.190011024475098,5.383594512939453,5.692298889160156,5.881329536437988,6.085727691650391,LIVER,Liver-031_MR
0.0024442672729492188,0.022204650625553768,9.08434197351189,0.013909662970718273,5.690705847759709,0.0033583921277795525,1.3739816529600917,0.007146026753275692,2.9235745192906983,0.011965487340944492,4.8953068759286715,5.827271461486816,5.99060583114624,5.973383903503418,6.152710437774658,5.322483062744141,5.642765522003174,5.940235137939453,6.1308088302612305,LIVER,Liver-032_MR
0.005607128143310547,0.03829271469055584,6.82927969881391,0.024119781059482648,4.301620620540291,0.008224008466982013,1.46670338001097,0.013088487467939558,2.33425450442209,0.022399049378009295,3.9947382792292907,5.836766242980957,6.015686988830566,5.945982456207275,6.156040191650391,5.331568717956543,5.631638526916504,5.929616928100586,6.16185998916626,LIVER,Liver-033_MR
0.005211830139160156,0.03526275004787749,6.765892488321751,0.02302631179071568,4.418077142793212,0.006273351210552391,1.2036729913138298,0.011935671697983707,2.290107021568593,0.020373458483277318,3.909072024331185,5.735996246337891,5.909219741821289,5.943778991699219,6.149875164031982,5.240816116333008,5.614689350128174,5.893543243408203,6.12454891204834,LIVER,Liver-034_MR
0.01969766616821289,0.08251729347580294,4.189189261267537,0.05635946384165891,2.8612240022814945,0.022104812664935025,1.122204085201007,0.036144102802410316,1.8349424822374647,0.05351014935990861,2.7165716860682565,5.7724690437316895,5.9652252197265625,5.957884788513184,6.1677398681640625,5.343922138214111,5.797637462615967,5.906383991241455,6.093434810638428,LIVER,Liver-035_MR
0.026581764221191406,0.09121871070811949,3.4316261190495894,0.08106482755448496,3.0496394589740667,0.02919318049870867,1.0982404807063408,0.045247761975673484,1.7022100029576377,0.06189367938975465,2.328425441986188,5.784510135650635,5.97104549407959,5.9243011474609375,6.1798834800720215,5.442696571350098,5.788995742797852,5.820411682128906,6.064891815185547,LIVER,Liver-036_MR
0.0030307769775390625,0.026720715360738723,8.816428062666219,0.01622100013457839,5.352075304134213,0.0037381427877676288,1.2333901443653836,0.007900635522616994,2.606793410809806,0.014854296202884143,4.901135023004992,5.836996078491211,6.000691890716553,5.928628921508789,6.136125564575195,5.233789443969727,5.5710225105285645,5.892129421234131,6.123466491699219,LIVER,Liver-037_MR
0.0343170166015625,0.12118960364824716,3.531471565276265,0.09290150399573349,2.7071548206773706,0.051798872923455974,1.509421941617095,0.05662701777697521,1.6501143422022728,0.08324398201636996,2.4257341110252173,5.8481597900390625,6.059342384338379,5.941682815551758,6.167149066925049,5.52867317199707,5.985215663909912,5.9317626953125,6.109764099121094,LIVER,Liver-038_MR
0.023288249969482422,0.07323111288496875,3.1445506440125977,0.061775974774093356,2.652665972255819,0.02336080653063277,1.003115155930302,0.045086961037839046,1.9360382053842684,0.052365660528607805,2.2485862231540357,5.8943915367126465,6.033356189727783,5.964129447937012,6.158893585205078,5.681800365447998,6.0319437980651855,5.97073221206665,6.109935760498047,LIVER,Liver-039_MR
0.002651214599609375,0.01730462800639998,6.527032077534888,0.008637523988340945,3.257937479010106,0.0028926754982876446,1.0910714613593449,0.007128386216948002,2.688714572880125,0.010656919115717756,4.019621392049515,5.962200164794922,6.081909656524658,6.0376081466674805,6.179446697235107,5.406520366668701,5.864187240600586,6.050961494445801,6.192343711853027,LIVER,Liver-040_MR
0.0008935928344726562,0.00799743520519769,8.949652906950806,0.0029017742498353982,3.247275118087364,0.0010565259716486253,1.1823216432299202,0.0031767797551083277,3.555024259723893,0.004348958278796999,4.866768670629228,5.933812141418457,6.046735763549805,6.01708984375,6.164058685302734,5.447218894958496,5.797415256500244,6.010501861572266,6.163518905639648,LIVER,Liver-041_MR
0.0019464492797851562,0.019639625784066084,10.089923785219819,0.009796853965099217,5.03316666669778,0.002670123910320399,1.371785137275062,0.005862548770323883,3.011904143697767,0.01090285074883468,5.6013762332793835,5.8501081466674805,5.98659086227417,5.980554580688477,6.151297092437744,5.073803901672363,5.414511203765869,5.9445624351501465,6.134398460388184,LIVER,Liver-042_MR
0.019375324249267578,0.0790706294757797,4.080994343556612,0.06761553379328689,3.489773798139398,0.024726130704152638,1.276165375319258,0.036896646483228324,1.9043101919453638,0.05214056007724821,2.691079256050471,5.752788543701172,5.9902544021606445,5.939333438873291,6.168097019195557,5.368528842926025,5.639825820922852,5.794957160949707,6.053706645965576,LIVER,Liver-043_MR
0.003036022186279297,0.021768063180616082,7.169905272741252,0.00977923504882483,3.22105776513833,0.003299749851606748,1.086862605251442,0.010616376447160292,3.4967931154151635,0.013368331678634604,4.403224622930528,5.962971210479736,6.060909748077393,5.996020793914795,6.1684160232543945,5.338803768157959,5.700141906738281,6.014307975769043,6.159341812133789,LIVER,Liver-044_MR
0.005259990692138672,0.037452031261636876,7.120157097623726,0.021899753563275226,4.163450699922051,0.0062372264228827135,1.1857843350105548,0.01216190308429077,2.31214857109569,0.02176035154661804,4.136948418873775,5.808300971984863,5.9837141036987305,5.971877098083496,6.185762405395508,5.268014907836914,5.651489734649658,5.942629337310791,6.133935451507568,LIVER,Liver-045_MR
0.016680240631103516,0.05494546832676406,3.2940433295593126,0.04414931021773327,2.646801369723333,0.016834906586382203,1.009271800448268,0.03367526650907848,2.0188705346120224,0.03904063292674209,2.3405303547383975,5.7836174964904785,5.965930938720703,5.960483551025391,6.1585798263549805,5.51078462600708,5.9735918045043945,5.922136306762695,6.095900535583496,LIVER,Liver-046_MR
0.012164115905761719,0.07921506710704307,6.512187371352485,0.05370521786585414,4.415049489122426,0.018488160718277413,1.5198922521444982,0.028680807739647207,2.3578190460904485,0.047035378886221224,3.8667290400161196,5.781281471252441,5.965041160583496,5.9597578048706055,6.176891326904297,5.373208999633789,5.666213512420654,5.909031867980957,6.137942314147949,LIVER,Liver-047_MR
0.00211334228515625,0.01436092090909824,6.795327504063749,0.008608780673057481,4.073518993271391,0.002592389957044361,1.2266719444991603,0.004913081877020886,2.324781301976655,0.008637173728061498,4.086954072317816,5.843268394470215,5.996567726135254,5.938178062438965,6.16741418838501,5.2362565994262695,5.575191974639893,5.954882621765137,6.1397786140441895,LIVER,Liver-048_MR
0.029297351837158203,0.09406333914509446,3.2106419570445,0.07829190419687393,2.6723192563220945,0.03872588975070812,1.3218217382833288,0.05014046513173298,1.7114327703096874,0.06590313062588393,2.249456145307192,5.885936737060547,6.157698154449463,5.974753379821777,6.189096927642822,5.513635158538818,5.871611595153809,5.9419097900390625,6.128418922424316,LIVER,Liver-049_MR
0.020308494567871094,0.10506323171301801,5.17336130594433,0.07615950450315268,3.7501286344657894,0.033457135232822566,1.647444553143177,0.03762614077066928,1.8527282816379995,0.06357800825423965,3.1306100378667328,5.805049896240234,6.0161919593811035,5.872453212738037,6.171547889709473,5.39323616027832,5.787647247314453,5.907212257385254,6.140228271484375,LIVER,Liver-050_MR
0.0039215087890625,0.022740601178497855,5.798926997856958,0.01178962769000691,3.006393268569651,0.004165823671627322,1.0622985367929927,0.0133275152211354,3.3985595729662563,0.014373664831509814,3.665331113954974,5.81414794921875,5.964936256408691,5.9538469314575195,6.17612361907959,5.327447891235352,5.650935173034668,5.9266133308410645,6.1370320320129395,LIVER,Liver-051_MR
0.0147857666015625,0.06833475199329087,4.621654569437329,0.056489862509408795,3.82055430916217,0.016109842215229264,1.0895499539420095,0.027312763491011083,1.8472322575281424,0.043001590137748735,2.9083078485850047,5.816442966461182,6.025339126586914,5.9108428955078125,6.156791687011719,5.396836280822754,5.682778358459473,5.80789852142334,6.0935211181640625,LIVER,Liver-052_MR
0.018648624420166016,0.07792143470641122,4.17839896213256,0.06652356969925677,3.5672086331061528,0.020155558067756374,1.080806112321062,0.03295221563266182,1.7670042154415544,0.05128688461473985,2.7501683747567007,5.867868423461914,6.076615810394287,5.942193508148193,6.157668113708496,5.354849815368652,5.583011627197266,5.781538963317871,6.053315162658691,LIVER,Liver-053_MR
0.015382766723632812,0.05555302205925727,3.6113780403449693,0.04674883956113263,3.039037775885521,0.016928579336223493,1.1004891795780822,0.021590474562202644,1.4035485887949504,0.03824074397971344,2.485945461391477,5.87254524230957,6.082889556884766,5.809931755065918,6.131189346313477,5.499186038970947,5.776428699493408,5.865869045257568,6.093207359313965,LIVER,Liver-054_MR
0.011114120483398438,0.0368265603965483,3.313490016295689,0.032645513507191026,2.937298023984401,0.01170002028777617,1.0527157572293124,0.021277987381324692,1.9144986117545013,0.025259341668061097,2.2727231523682265,5.8331451416015625,6.014337539672852,5.961481094360352,6.171889305114746,5.415820121765137,5.658756256103516,5.880086898803711,6.069461822509766,LIVER,Liver-055_MR
0.011536121368408203,0.08002198255098847,6.93663932868599,0.05855054550016803,5.075405578382126,0.014622547698223798,1.2675434451334155,0.025639593407333905,2.222546934369017,0.04559420914176826,3.9522962842316796,5.808403491973877,6.018399715423584,5.9183197021484375,6.151970863342285,5.215503692626953,5.5101423263549805,5.781171798706055,6.106391906738281,LIVER,Liver-056_MR
0.013668537139892578,0.04671515435887841,3.4177117641521004,0.0438946280475534,3.2113601832226895,0.014438629749207621,1.0563397558960386,0.027173611870239256,1.988039518181946,0.030561674556508933,2.23591243778299,5.847301006317139,6.0404052734375,5.973589897155762,6.183822154998779,5.426350116729736,5.7136054039001465,5.859245300292969,6.061594009399414,LIVER,Liver-057_MR
0.002463817596435547,0.018394934635921345,7.465999107459284,0.010397751693233204,4.220162039046796,0.0028205556860712022,1.1447861409425477,0.006314995394404832,2.5630833113245517,0.010537530243936999,4.276894316461829,5.960942268371582,6.100620746612549,6.003530502319336,6.181227207183838,5.342902183532715,5.68012809753418,6.021476745605469,6.174799919128418,LIVER,Liver-058_MR
0.004552364349365234,0.02910640540028453,6.393675731949201,0.014354980733401135,3.153295320584244,0.005003773308999371,1.09915681905577,0.010844416321504013,2.3821451157715354,0.017685042907714887,3.884795394776974,5.945940971374512,6.080902099609375,5.983723163604736,6.168811798095703,5.358355522155762,5.728473663330078,5.990767955780029,6.162505149841309,LIVER,Liver-059_MR
0.007105827331542969,0.039878061178569624,5.612014364802587,0.025077722408468617,3.5291720367912243,0.01288539848178516,1.813353990610873,0.013220313419878948,1.8604863583343916,0.023686855152220687,3.3334361662170644,5.829792022705078,6.042583465576172,5.952009201049805,6.19248628616333,5.401006698608398,5.685982704162598,5.987354278564453,6.174525260925293,LIVER,Liver-060_MR
0.01830291748046875,0.08519669340927294,4.65481237906817,0.07665679079758547,4.1882256747936495,0.022111509902885018,1.2080859702077957,0.03200492516498343,1.7486232843973308,0.05218764891418459,2.8513279621456507,5.750774383544922,5.983340740203857,5.8839850425720215,6.145066738128662,5.363370895385742,5.690090656280518,5.752882957458496,6.055752277374268,LIVER,Liver-061_MR
0.01768970489501953,0.06772877909594399,3.8287094788063967,0.061521837003567725,3.47783089601342,0.020092043003643312,1.1358036646085317,0.027472290011559153,1.5530092019342756,0.04564286177122767,2.5801920518277113,5.9023637771606445,6.131958961486816,5.927708625793457,6.150371074676514,5.48569393157959,5.733237266540527,5.8288798332214355,6.067849159240723,LIVER,Liver-062_MR
0.028131484985351562,0.10867676330968834,3.8631705626123938,0.09273579046549685,3.296511277263636,0.03282068749581413,1.1666883510067376,0.05104034546593539,1.8143488461069261,0.07203393265950808,2.5606151644986195,5.884110450744629,6.104519844055176,5.970705032348633,6.185450553894043,5.461390495300293,5.830626487731934,5.929165840148926,6.111468315124512,LIVER,Liver-063_MR
0.0029773712158203125,0.018774793066882012,6.3058075892741465,0.012257629715008989,4.116916453250287,0.0034417468542358165,1.15596445492035,0.007255327846053206,2.4368152144918587,0.011218889580959512,3.7680393499320655,5.815219879150391,5.989956855773926,5.953252792358398,6.168492317199707,5.325850963592529,5.627011775970459,5.935059070587158,6.149984359741211,LIVER,Liver-064_MR
0.024791717529296875,0.09678826904632842,3.9040550494898674,0.08207299456512374,3.310499216649443,0.0260361019606421,1.050193131151297,0.04354288760481495,1.7563474571652764,0.06489258231675876,2.6175094994922765,5.862664699554443,6.061430931091309,5.983878135681152,6.176688194274902,5.456401824951172,5.740675926208496,5.894600868225098,6.103166103363037,LIVER,Liver-065_MR
0.028918743133544922,0.11241206048822505,3.8871683011059797,0.10244181940396402,3.5424009787314947,0.0385554380373776,1.3332330705729631,0.04618468478318505,1.5970496573592634,0.07334370554957559,2.5361987500249104,5.773168087005615,5.998772144317627,5.951549530029297,6.147940635681152,5.444751739501953,5.835627555847168,5.837674140930176,6.063035011291504,LIVER,Liver-066_MR
0.007450103759765625,0.04178511797272222,5.608655024622973,0.02568646759624471,3.447795352463556,0.0078047125337548096,1.0475964240847162,0.01806286796488621,2.4245090138669845,0.02576450559291743,3.4582700913989752,5.764753341674805,5.9435133934021,5.946529865264893,6.172910690307617,5.407906532287598,5.751937389373779,5.939078330993652,6.147621154785156,LIVER,Liver-067_MR
0.020082950592041016,0.07627360306793207,3.797926242914588,0.06804856909269574,3.388373381545336,0.021960304430990618,1.0934794364777871,0.03408408649102057,1.6971644362299985,0.050627620464752,2.5209241552172337,5.857489585876465,6.071627616882324,5.968894958496094,6.177034378051758,5.3602375984191895,5.683293342590332,5.7845845222473145,6.045107841491699,LIVER,Liver-068_MR
0.0018405914306640625,0.014297073605689548,7.76760974293678,0.0075615389756649165,4.108189230808553,0.002124729885679244,1.154367181444965,0.005486015141968892,2.980555730628557,0.008169476701709755,4.438482207830472,5.866547584533691,6.004178047180176,5.951780319213867,6.1427154541015625,5.269522666931152,5.635509967803955,5.991050720214844,6.158428192138672,LIVER,Liver-069_MR
0.041368961334228516,0.12770987389268385,3.087093291754567,0.11256320851856572,2.7209573960431395,0.054868703508049066,1.326325062925868,0.06759204457415535,1.6338826515183367,0.09014692912967348,2.179095254783052,5.8660383224487305,6.135032653808594,5.900280475616455,6.116705894470215,5.551348686218262,5.9036712646484375,5.877869129180908,6.114205837249756,LIVER,Liver-070_MR
0.0028905868530273438,0.02018205568799658,6.981968331854981,0.01185510507013987,4.1012654731578815,0.00341209210245097,1.180410924089072,0.006634878295585622,2.2953315986063103,0.012122798285076897,4.193873757380106,5.899216175079346,6.059922218322754,6.009025573730469,6.189689636230469,5.384315013885498,5.722691535949707,6.01318883895874,6.162644863128662,LIVER,Liver-071_MR
0.01731586456298828,0.06682359711726349,3.859094547848897,0.052379986163600734,3.0249691387554885,0.017568496805779432,1.014589054793173,0.03489562323852624,2.0152388556286778,0.04493720951836622,2.595145244030411,5.815441131591797,5.9994659423828125,5.899198532104492,6.122735977172852,5.405766487121582,5.743729591369629,5.892551422119141,6.080723762512207,LIVER,Liver-072_MR
0.0037698745727539062,0.027337411260873523,7.251524743873923,0.017837152558399794,4.731485066496274,0.005695281524879192,1.5107310091244466,0.008503658419101612,2.255681375647445,0.01567392484253105,4.157667042596274,5.868117332458496,6.036177158355713,5.947342872619629,6.153979301452637,5.35782527923584,5.686089515686035,5.939526081085205,6.147456169128418,LIVER,Liver-073_MR
0.0203704833984375,0.09356631766155488,4.593227853220864,0.05772031400721289,2.8335255743800625,0.02834480618216162,1.3914638996586985,0.041698846614053764,2.0470219252152346,0.06045584275290139,2.967814356305115,5.752947807312012,5.923849582672119,5.933414459228516,6.165811538696289,5.454178810119629,5.783221244812012,5.867743492126465,6.083067417144775,LIVER,Liver-074_MR
0.008077621459960938,0.041514510291563056,5.139440997938746,0.03126732248381359,3.8708528160512032,0.00938827792634811,1.1622562842689421,0.017491495491981368,2.165423810021899,0.02520687477613137,3.1205774738642593,5.820359706878662,6.014918327331543,5.9347310066223145,6.169252395629883,5.360830783843994,5.690913200378418,5.9088215827941895,6.134792327880859,LIVER,Liver-075_MR
0.012169361114501953,0.04426131650274101,3.6371079562193516,0.03806075416864019,3.127585954156997,0.012694132854562667,1.0431215167261494,0.021873310643343302,1.7974068205773914,0.030103998550600863,2.4737513769077712,5.8622331619262695,6.0161848068237305,5.981947898864746,6.18314790725708,5.374628067016602,5.640486240386963,5.822404861450195,6.070675373077393,LIVER,Liver-076_MR
0.014658451080322266,0.05125197987496222,3.4964093156930116,0.04875625046724963,3.3261506920873662,0.01569899167864719,1.070984982163083,0.027912768094267904,1.904208630177312,0.03343096367655107,2.2806598519014587,5.842171669006348,6.047786235809326,5.967337608337402,6.173503875732422,5.463809967041016,5.723280906677246,5.890055179595947,6.064752578735352,LIVER,Liver-077_MR
0.019751548767089844,0.0721501011208261,3.6528813736484933,0.058851904013693,2.9796080758827177,0.020103968905516467,1.0178421431230942,0.038598746844115794,1.9542126927434829,0.048572085288071776,2.459152002170221,5.862897872924805,6.061183452606201,5.920830726623535,6.159556865692139,5.478283882141113,5.760810852050781,5.9240546226501465,6.126893997192383,LIVER,Liver-078_MR
0.0009098052978515625,0.00829987905217422,9.122597819330528,0.003570942297756119,3.9249090515278655,0.001080595766609349,1.187708943959359,0.0032885589960187644,3.6145347344503507,0.004467981021662126,4.910866010071291,5.840923309326172,5.96254825592041,5.988038539886475,6.154086589813232,5.357057571411133,5.689375400543213,6.015560150146484,6.159619331359863,LIVER,Liver-079_MR
0.013053417205810547,0.05779834551520935,4.42782915198556,0.050889839916578694,3.898580741609821,0.01569881615455415,1.202658574413779,0.023424806189893843,1.7945330234397465,0.0360871087277701,2.76456965353179,5.857973575592041,6.0835089683532715,5.914523124694824,6.148238182067871,5.453551769256592,5.692966461181641,5.846555709838867,6.125828742980957,LIVER,Liver-080_MR
0.013412952423095703,0.047833579333143916,3.5662203340538365,0.03662922158719084,2.730882293692197,0.013118173283373835,0.9780220707086846,0.02720347821764335,2.028148395525349,0.03316211769174515,2.4723932451076944,5.941109657287598,6.072802543640137,5.925712585449219,6.143060684204102,5.491163730621338,5.998594284057617,5.984071254730225,6.162679672241211,LIVER,Liver-081_MR
0.016277313232421875,0.06065795702716059,3.7265314548979065,0.053353385658652996,3.2777739249154565,0.01737211791916593,1.0672588896289406,0.0306617088708947,1.8837070710632189,0.04047004129006382,2.486283568385116,5.8018293380737305,5.994210243225098,5.942698001861572,6.172854423522949,5.395421981811523,5.7363786697387695,5.858114242553711,6.061000347137451,LIVER,Liver-082_MR
0.005981922149658203,0.022611238066360784,3.7799221891296026,0.017535594652144937,2.93142653802031,0.0058011243825148995,0.9697743533995726,0.012943601266727,2.1637826947713834,0.015371902740866972,2.5697220156108416,5.901596546173096,6.044158458709717,5.9230146408081055,6.134603500366211,5.5942063331604,5.9095234870910645,5.972195625305176,6.1248884201049805,LIVER,Liver-083_MR
0.0070552825927734375,0.04152131011073834,5.885129435066605,0.030477651832256925,4.3198281901836975,0.00952673050875319,1.3502955949000874,0.017198682412640665,2.4376993847507973,0.025343013652161517,3.5920570718951814,5.846648216247559,6.051270484924316,5.9766082763671875,6.193495750427246,5.29074764251709,5.656233310699463,5.848408222198486,6.104391098022461,LIVER,Liver-084_MR
0.05975055694580078,0.16550122570419035,2.769868708598448,0.14243226999016656,2.383781063020969,0.09045367830691475,1.5138547285913537,0.08383786639441837,1.403130893644356,0.11836120532899486,1.9809218787222433,5.834160804748535,6.104111194610596,5.9625349044799805,6.158745765686035,5.6331024169921875,5.923343658447266,5.905389785766602,6.133209228515625,LIVER,Liver-085_MR
0.0013227462768554688,0.012879271108204193,9.73669249094136,0.0047801391181110375,3.613771638623145,0.0018459686957612575,1.3955471072491141,0.004005781017440313,3.0283591070632325,0.006930159396574709,5.239180881491999,5.845879554748535,5.971243858337402,5.951030254364014,6.123137474060059,5.275886535644531,5.625665664672852,6.026669502258301,6.166864395141602,LIVER,Liver-086_MR
0.005640983581542969,0.034922056955565495,6.19076346227881,0.025414031817660998,4.505240335818562,0.006449599405129902,1.1433445743020607,0.012431398795285986,2.2037604928253884,0.02060913651445162,3.6534586002514913,5.809118270874023,6.00950813293457,5.924647331237793,6.166784763336182,5.32082462310791,5.611970901489258,5.86035680770874,6.120129585266113,LIVER,Liver-087_MR
0.015359878540039062,0.08510017978358064,5.540416492069429,0.06247878959698028,4.067659048053312,0.020137155194220213,1.311022221400117,0.03317125487711792,2.1596025772354697,0.05232475695663652,3.4065844176043383,5.810601711273193,5.996975421905518,5.9818115234375,6.190267562866211,5.3803863525390625,5.701159477233887,5.903434753417969,6.141938209533691,LIVER,Liver-088_MR
0.005129814147949219,0.03326607758594946,6.4848378085725304,0.02281294527438149,4.4471203332577325,0.007093194856906848,1.3827364549606516,0.012841374034735509,2.5032776298714223,0.01865026372763623,3.635653618865699,5.7919158935546875,5.968806266784668,5.928707122802734,6.154369354248047,5.411830902099609,5.718612194061279,5.926799774169922,6.158677101135254,LIVER,Liver-089_MR
0.01512289047241211,0.06302404642207193,4.167457594331411,0.052810498110432036,3.492087923660635,0.016489500182217398,1.0903662437174868,0.031788576090548304,2.10201582352132,0.04107592098426949,2.7161404030398844,5.854576110839844,6.059673309326172,5.953336715698242,6.184946537017822,5.3223652839660645,5.595080375671387,5.853228569030762,6.1086039543151855,LIVER,Liver-090_MR
0.0034203529357910156,0.025721428033648408,7.520087346432405,0.016775373029190632,4.904559353526923,0.004168257825540422,1.2186595118089256,0.008250110134440547,2.4120569335232176,0.015022230320596464,4.3919989201737515,5.847211837768555,6.020298957824707,5.943871021270752,6.150925636291504,5.293893337249756,5.5972490310668945,5.918478012084961,6.148633003234863,LIVER,Liver-091_MR
0.001529693603515625,0.0036011364765045073,2.3541400230922083,0.0036877345044104004,2.4107510081921126,0.001470092620820651,0.9610310242075827,0.0027069297647699386,1.7695779486619279,0.00274675164268956,1.7956103629336215,5.948215484619141,6.0467729568481445,6.027776718139648,6.184484481811523,5.528070449829102,5.841838836669922,5.890608787536621,6.067206382751465,LIVER,Liver-092_MR
0.006594657897949219,0.03153089293658695,4.7812707818679225,0.025653346556453016,3.8900134098383607,0.007257678591855665,1.1005373893221562,0.01537863977773668,2.331980930005446,0.01954111943064163,2.9631695989904876,5.804752349853516,5.990902423858643,5.93470573425293,6.170563697814941,5.349195957183838,5.653061389923096,5.874502182006836,6.1064300537109375,LIVER,Liver-093_MR
0.005682945251464844,0.04859037234996322,8.550194432278614,0.03219461043613592,5.665117709282931,0.008112899611603552,1.4275846373262158,0.013038311081515985,2.2942836085424423,0.026834661189809594,4.721955391588323,5.877077102661133,6.03399658203125,5.975033283233643,6.158459186553955,5.230523109436035,5.611066818237305,5.920016765594482,6.129315376281738,LIVER,Liver-094_MR
0.022258281707763672,0.07819014130814139,3.5128545503278104,0.06351707742442159,2.8536366698018827,0.023733461606695982,1.0662750726021697,0.03657385786883083,1.6431565525791854,0.05424342365620305,2.4369985068208533,5.805422782897949,6.00303840637207,5.903929233551025,6.1491498947143555,5.363053321838379,5.613271713256836,5.801113605499268,6.072579383850098,LIVER,Liver-095_MR
0.012126922607421875,0.060331846746294104,4.97502944061634,0.04782457290673392,3.943666090587864,0.014744350359421787,1.2158351032971035,0.022568784132261044,1.8610463884699573,0.03675358591812028,3.0307405102281595,5.865961074829102,6.082328796386719,5.950838565826416,6.172206878662109,5.449340343475342,5.781590461730957,5.924705505371094,6.140972137451172,LIVER,Liver-096_MR
0.0007357597351074219,0.005914346932740955,8.03831232862203,0.002370086806877225,3.221234434889054,0.0008426833110775078,1.1453084720241675,0.002375106571435026,3.228056901644999,0.003330196052274914,4.52613894452822,5.962080955505371,6.070119857788086,6.046383380889893,6.180416107177734,5.582846164703369,5.909741401672363,5.999430179595947,6.155022621154785,LIVER,Liver-097_MR
0.00856781005859375,0.048487688314878596,5.659279488047156,0.03815900527933991,4.453758951329214,0.009821607426090395,1.1463367996669191,0.019554931571576617,2.2823695453270525,0.028140425689457516,3.2844323873529446,5.761599540710449,5.952112674713135,5.928296089172363,6.157453536987305,5.358203887939453,5.729218482971191,5.907367706298828,6.132537841796875,LIVER,Liver-098_MR
0.011208534240722656,0.04264702813787835,3.804867717159382,0.038338194258756175,3.4204436754120686,0.013909510288954152,1.2409738490765287,0.020739898144881863,1.8503650161392131,0.027745330056461626,2.4753732028516113,5.8243608474731445,6.059993743896484,5.945881366729736,6.1722211837768555,5.455893039703369,5.740978240966797,5.826947212219238,6.063117027282715,LIVER,Liver-099_MR
0.002869129180908203,0.01857298563970744,6.473365169349613,0.011651317334212763,4.060910468109334,0.0033840564421439012,1.1794675088131157,0.0070992928866076,2.474363367886662,0.01115125300566433,3.8866197498772053,5.877767562866211,6.033012390136719,5.924426555633545,6.1452436447143555,5.331152439117432,5.657035827636719,5.954970359802246,6.168115139007568,LIVER,Liver-100_MR
0.016879558563232422,0.06612687190397537,3.917568844029277,0.050033579518526494,2.9641503768947697,0.018876222139112997,1.1182881877816322,0.03327318176945937,1.9712104396990335,0.044521470510176187,2.6375952882560147,5.802000522613525,5.9908294677734375,5.95693302154541,6.179871082305908,5.379757404327393,5.688065528869629,5.882559299468994,6.095142364501953,LIVER,Liver-101_MR
0.004899024963378906,0.034413734392387596,7.0245945680396105,0.02018610073810123,4.120423897562614,0.005410185058252637,1.1043368946526533,0.011769804185348676,2.40247401239834,0.019933160028699604,4.06879317614658,5.857158660888672,5.997241497039795,5.99475622177124,6.181692123413086,5.344119071960449,5.7010064125061035,5.9698357582092285,6.159490585327148,LIVER,Liver-102_MR
0.0011563301086425781,0.008175176555596408,7.069871999158801,0.004826004649430615,4.173516609309555,0.0012935850586472952,1.118689085485263,0.003041580607259675,2.6303512128712474,0.004710777872105609,4.073868783843854,6.014395713806152,6.094779014587402,6.10004186630249,6.209870338439941,5.79876708984375,6.0947065353393555,5.892364501953125,6.095995903015137,LIVER,Liver-103_MR
0.03292036056518555,0.12171413394941055,3.6972285505840428,0.1098048646373968,3.335468670377584,0.03645761009437365,1.1074483509286148,0.05879894323783219,1.786096031981309,0.08209427477095232,2.4937226817783733,5.825436592102051,6.034463882446289,5.927096366882324,6.147633075714111,5.477224826812744,5.829001426696777,5.8078932762146,6.077016830444336,LIVER,Liver-104_MR
0.008382797241210938,0.043687160087529264,5.211519104573665,0.03280007931897444,3.912779857053746,0.00946224351648084,1.1287678750339454,0.017465056772266507,2.0834377159963893,0.027177260461201058,3.2420237850149074,5.7931928634643555,5.998513698577881,5.9733428955078125,6.1875200271606445,5.194231033325195,5.5059099197387695,5.837550640106201,6.110866069793701,LIVER,Liver-105_MR
0.0036754608154296875,0.022969258191437802,6.249337661725534,0.015502929898389084,4.2179439524611455,0.003991576581228173,1.0860041561128628,0.009369163602912067,2.549105699215503,0.013272414820335143,3.611078821417198,5.865756034851074,6.022368431091309,5.94787073135376,6.160765647888184,5.334796905517578,5.687848091125488,5.951743125915527,6.1357316970825195,LIVER,Liver-106_MR
0.007366657257080078,0.05206704472777801,7.067924057210071,0.032426643602434524,4.401806471069993,0.009803813639564396,1.3308343240482303,0.01747288135419467,2.3718841566247675,0.031664762790796885,4.298383744747531,5.770217418670654,5.94893741607666,5.96290397644043,6.1696553230285645,5.353424072265625,5.7139482498168945,5.938014507293701,6.128242015838623,LIVER,Liver-107_MR
0.0057849884033203125,0.03759497795749667,6.498701527025305,0.020236838649168476,3.498158035368428,0.006740196191856285,1.1651163443688652,0.014919710498702443,2.579034505893596,0.02276278712304247,3.934795748599986,5.888692855834961,6.034241676330566,5.991002559661865,6.172886371612549,5.254581451416016,5.6971635818481445,5.968081474304199,6.156909942626953,LIVER,Liver-108_MR
0.0028100013732910156,0.018945244533028927,6.742052616975968,0.012381639847149017,4.406259691628205,0.0033651563255148176,1.1975596816085587,0.006621132884106373,2.3562655108943087,0.010895216375729433,3.8772855082679705,5.897967338562012,6.059319496154785,5.965092658996582,6.17657470703125,5.443905830383301,5.755114555358887,5.986369609832764,6.158705711364746,LIVER,Liver-109_MR
0.007936477661132812,0.04650959541379507,5.86022399323639,0.03383461303820923,4.263172133928556,0.009108553138872821,1.1476806274745364,0.018370775656251226,2.314723646105824,0.027697553351231363,3.4899006378947686,5.836800575256348,5.989077568054199,5.951878547668457,6.178650856018066,5.325088977813721,5.660024166107178,5.890109062194824,6.094032287597656,LIVER,Liver-110_MR
0.02899789810180664,0.10501876199305116,3.621597862312979,0.10012772632717315,3.4529292932318434,0.03676426462456561,1.2678247167172416,0.042000926565890495,1.448412292998257,0.07025938964017087,2.42291234917713,5.859744071960449,6.117824554443359,5.951894760131836,6.154837608337402,5.479074001312256,5.804570198059082,5.807106971740723,6.051448345184326,LIVER,Liver-111_MR
0.018396854400634766,0.060454533761173934,3.286132486745296,0.04881654901191723,2.653525511131824,0.019059918759609218,1.0360417049631334,0.030208407223341283,1.642041087300669,0.042552133608523945,2.313010124000029,5.825712203979492,6.010772228240967,5.935410499572754,6.158785820007324,5.4573516845703125,5.813410758972168,5.814992427825928,6.062346458435059,LIVER,Liver-112_MR
0.015195369720458984,0.07563032400440761,4.977192106794101,0.05644805869292213,3.714817249148486,0.021057792205454007,1.3858023025974073,0.024966305852927917,1.643019543586226,0.045163774125512646,2.9722043776704283,5.8441619873046875,6.063228607177734,5.901145935058594,6.166602611541748,5.46256160736084,5.817018508911133,5.92015266418457,6.149980545043945,LIVER,Liver-113_MR
0.002499103546142578,0.023736840152878358,9.498103913492267,0.00895548155654069,3.583463252545535,0.0030867681409745273,1.2351452160863212,0.00892896433720125,3.5728526024690836,0.012620539436170475,5.0500064135343035,5.86435604095459,5.98987340927124,5.9213995933532715,6.1106767654418945,5.289885520935059,5.635169506072998,6.044147491455078,6.172807693481445,LIVER,Liver-114_MR
0.006543636322021484,0.039950640211031896,6.105256648206227,0.028116051712800072,4.2966948898476485,0.008117793815642926,1.2405612125343521,0.015575089896628924,2.3801851643805554,0.023431905044674295,3.580863618166276,5.760584831237793,5.939301490783691,5.9334001541137695,6.17891788482666,5.249349594116211,5.586618900299072,5.888409614562988,6.0847673416137695,LIVER,Liver-115_MR
0.018008708953857422,0.06864023061666558,3.811499906936079,0.052709821756423025,2.926905677826279,0.026590015525698618,1.4765078845324033,0.033018975971344844,1.8334994319111333,0.04432381787017903,2.461242134087776,5.888789176940918,6.153477668762207,5.991156578063965,6.184238910675049,5.557636260986328,5.953793525695801,5.963315010070801,6.152707099914551,LIVER,Liver-116_MR
0.017705440521240234,0.0947412464259969,5.350965021327254,0.06607776635092932,3.7320578920970995,0.02683625871310369,1.515706063559904,0.03558235876693061,2.0096838950381097,0.0563687099917729,3.1836924976379746,5.724417209625244,5.904715061187744,5.879775047302246,6.146892547607422,5.4228620529174805,5.747868537902832,5.878852844238281,6.091721534729004,LIVER,Liver-117_MR
0.0023546218872070312,0.01707777834076296,7.252844248626875,0.010748138417511655,4.564678868024955,0.0031148243168672707,1.3228497982170575,0.005271086675691095,2.238603284160669,0.010039949071483534,4.263914510812352,5.871307373046875,6.037609100341797,5.9477338790893555,6.1447296142578125,5.415928840637207,5.731371879577637,5.951695919036865,6.157371520996094,LIVER,Liver-118_MR
0.01367950439453125,0.05976690593041667,4.3690809634521885,0.04856334724667022,3.550078302931916,0.014648881156233529,1.0708626588448058,0.029648885369624622,2.167393118974863,0.038624053058640584,2.82349591839909,5.829047203063965,6.003054618835449,5.964526176452637,6.183972358703613,5.396116733551025,5.705929756164551,5.877655982971191,6.112885475158691,LIVER,Liver-119_MR
0.008674144744873047,0.04852753696798118,5.594497492296169,0.03245108952393139,3.7411241185329276,0.009372105863832303,1.0804633004007438,0.018851097905496772,2.173248974678359,0.02929475094731515,3.3772456001698763,5.758457660675049,5.9213972091674805,5.919436931610107,6.165456771850586,5.278129577636719,5.615180969238281,5.913330078125,6.121162414550781,LIVER,Liver-120_MR
0.0003204345703125,0.002207819464501881,6.88986386116263,0.0015323693280606676,4.782010587872621,0.00032632689763545386,1.0183567701497247,0.0007386365367665348,2.305036830694965,0.0013576490273408126,4.236767145147202,6.094496726989746,6.144399166107178,6.086843490600586,6.175485610961914,5.725588798522949,6.029612064361572,5.879600524902344,6.029038429260254,LIVER,Liver-121_MR
0.0030908584594726562,0.025339299038478202,8.198116280497239,0.014856819130159238,4.806681139932436,0.003596284365471547,1.1635190602983867,0.006927600003280077,2.2413118170878157,0.014576170894201823,4.715881987643277,5.8429388999938965,6.006328582763672,5.990361213684082,6.172138214111328,5.242630958557129,5.581212997436523,5.951502799987793,6.158628463745117,LIVER,Liver-122_MR
0.010464191436767578,0.036753901399038114,3.5123465102552056,0.033363053570269585,3.1883038349246005,0.011478071360699005,1.0968893737432308,0.017886182017520014,1.7092734811730752,0.024564628180939962,2.3474919065136084,5.849287986755371,6.059115886688232,5.941473960876465,6.162479877471924,5.485891819000244,5.762408256530762,5.874336242675781,6.080871105194092,LIVER,Liver-123_MR
0.003757476806640625,0.026769283031853774,7.1242520358406285,0.01471337286943708,3.9157483782601883,0.0045147826823210835,1.2015431895441617,0.010218730775534368,2.719565310908013,0.015960911358888552,4.247762448741205,5.907533645629883,6.058107376098633,5.987023830413818,6.170701503753662,5.317585468292236,5.695867538452148,5.994068622589111,6.161883354187012,LIVER,Liver-124_MR
0.01677989959716797,0.08059396038163413,4.803003253082864,0.07273268718938652,4.334510073979301,0.020824493644255426,1.241037296635381,0.027244506200929663,1.6236384375710735,0.04892145487912103,2.915477857364485,5.738560676574707,5.960155487060547,5.873381614685059,6.144808769226074,5.355879783630371,5.680729389190674,5.7540202140808105,6.062145233154297,LIVER,Liver-125_MR
0.017549991607666016,0.053987679492877305,3.0762207719283023,0.050144197151439585,2.8572189491729785,0.01903876297097895,1.084829699540462,0.02855973075543261,1.6273349367077796,0.03824129587087555,2.178991018107449,5.87236213684082,6.082074165344238,5.965217590332031,6.170897483825684,5.453690528869629,5.694671630859375,5.822874069213867,6.071489334106445,LIVER,Liver-126_MR
0.017450332641601562,0.07993154118935308,4.580514138375515,0.06807193337942863,3.9008937977610447,0.021349817905644386,1.2234612433767624,0.032995304758969723,1.8908112830007713,0.050447476581155115,2.8909161050447505,5.7702436447143555,5.980722427368164,5.973054885864258,6.186918258666992,5.428520202636719,5.7335968017578125,5.806187629699707,6.077378273010254,LIVER,Liver-127_MR
0.004489898681640625,0.02372891888956019,5.284944655241759,0.013466780447402016,2.9993439515748053,0.0047728462115799175,1.0630163217118942,0.01022572713293357,2.277491115742929,0.01479244213135189,3.2945975475712106,5.859480857849121,6.000218868255615,5.970211505889893,6.172149658203125,5.319892883300781,5.741884231567383,5.997707366943359,6.162998199462891,LIVER,Liver-128_MR
0.013063430786132812,0.05922641147589047,4.533752817922279,0.04702801463542983,3.5999715086817945,0.013775489537806607,1.0545069835222627,0.029887501813391282,2.2878736393184904,0.03745578838487518,2.8672222730657215,5.893737316131592,6.053936958312988,5.996506690979004,6.208211898803711,5.5503034591674805,5.971343040466309,5.95034122467041,6.160310745239258,LIVER,Liver-129_MR
0.0024285316467285156,0.019098040177937037,7.863995333851481,0.010444838699470438,4.300868677109435,0.0028235329462518166,1.1626454708138907,0.007698656481011312,3.170073896563462,0.010640809662731954,4.381563592729065,5.833378791809082,5.985472202301025,5.9364213943481445,6.143732070922852,5.378662586212158,5.719465255737305,5.999951362609863,6.1522216796875,LIVER,Liver-130_MR
0.0004239082336425781,0.001373199749991727,3.2393033396849,0.0007795377537149761,1.8388870585175976,0.0004457895307155013,1.0515931973130548,0.0008974732540423247,2.117090473628976,0.0010281214299538988,2.4252823973142608,5.91318416595459,6.07092809677124,5.973722457885742,6.174949645996094,5.284057140350342,5.637147426605225,6.00079345703125,6.169180870056152,LIVER,Liver-131_MR
0.027143001556396484,0.10031417200355008,3.6957642594345868,0.0853940941857445,3.146080309044434,0.028948509299226544,1.0665179594783976,0.04608684916075845,1.6979268886579273,0.06798597830396602,2.50473231987202,5.878476142883301,6.088490962982178,5.962425708770752,6.1706156730651855,5.435029983520508,5.676210403442383,5.834993362426758,6.077253341674805,LIVER,Liver-132_MR
0.0012660026550292969,0.011819761284414199,9.33621100662748,0.004297748229987519,3.3947119034825644,0.0015416249290751693,1.217701041890055,0.004246600851843141,3.3543115347017367,0.006487851402539491,5.124633925866527,5.905629634857178,6.02072811126709,6.009235382080078,6.157326698303223,5.429799556732178,5.789022445678711,5.99980354309082,6.158668518066406,LIVER,Liver-133_MR
0.031856536865234375,0.08865044556597468,2.782801473775568,0.07467007531550962,2.3439475606503484,0.044605309337384824,1.4001928559954313,0.04928777007756935,1.5471786784071684,0.0655369408034403,2.0572518760645067,5.920185565948486,6.152832984924316,5.982024192810059,6.176854610443115,5.572225570678711,5.922713279724121,5.970190048217773,6.148758411407471,LIVER,Liver-134_MR
0.022745132446289062,0.0822472698937986,3.6160367026946223,0.06990722233365432,3.073501188165119,0.02560611109387878,1.1257837208250367,0.04139521223584097,1.819958364015202,0.055809186252645304,2.4536749499122497,5.912186145782471,6.128106117248535,5.968509674072266,6.1812214851379395,5.54994010925293,5.873950004577637,5.948578357696533,6.123660087585449,LIVER,Liver-135_MR
0.026764392852783203,0.11329114226612091,4.232903789756694,0.09930644671595701,3.7103927654276143,0.032348157335832184,1.2086261559341434,0.04495066237242895,1.6794943126390198,0.0724985317645519,2.7087670202592564,5.80725622177124,6.051582336425781,5.907611846923828,6.159301280975342,5.423100471496582,5.747753143310547,5.793025970458984,6.090393543243408,LIVER,Liver-136_MR
0.0032219886779785156,0.020736176133823392,6.435811496618392,0.014212932872908368,4.411216233591248,0.004476584058352273,1.3893810971893028,0.007952591498678885,2.4682168720405393,0.011822272729659744,3.6692357481279436,5.8150482177734375,6.003828525543213,5.909613132476807,6.134675025939941,5.355521202087402,5.670609474182129,5.907589912414551,6.131457805633545,LIVER,Liver-137_MR
0.04223775863647461,0.1463239349769765,3.4642913132162434,0.13647845868325703,3.2311948071376206,0.051627582088656254,1.222308463616921,0.06557783885835988,1.5525876715402491,0.09736013894553253,2.3050492980222623,5.841240406036377,6.099707126617432,5.880255699157715,6.137784957885742,5.405956745147705,5.770661354064941,5.77532958984375,6.03012752532959,LIVER,Liver-138_MR
0.007725715637207031,0.049200695595970956,6.368423874518765,0.0355547379450627,4.602122779746588,0.010919794319022458,1.4134328387786408,0.014532915776328537,1.8811068964626616,0.028946401733605853,3.746755074267745,5.762555122375488,5.963816165924072,5.938777446746826,6.166176795959473,5.370891571044922,5.67563533782959,5.876546859741211,6.11061954498291,LIVER,Liver-139_MR
0.007254123687744141,0.03938950116946671,5.429938689442031,0.03027668439858644,4.173714698660558,0.008366703725045,1.1533704898740074,0.016771174941766276,2.311947320477589,0.02363136208936112,3.257640830260174,5.894384384155273,6.093441963195801,5.968484878540039,6.188631534576416,5.4134111404418945,5.719172477722168,5.904147624969482,6.1447978019714355,LIVER,Liver-140_MR
0.0118560791015625,0.047774214919854785,4.029508762173411,0.03830391012877499,3.2307373705319877,0.014191843907099155,1.1970088775082526,0.021904090091652506,1.8474970881220683,0.03158650330146884,2.6641587315083597,5.857877254486084,6.066484451293945,5.978400230407715,6.173597812652588,5.498992443084717,5.850446701049805,5.9400482177734375,6.129691123962402,LIVER,Liver-141_MR
0.018671512603759766,0.09315613416816859,4.989209297232692,0.0680173405751816,3.6428384561141995,0.023838141377893862,1.2767111651137506,0.03156914918821485,1.690764586164921,0.0577083234974225,3.0907133136427842,5.853528022766113,6.049764633178711,5.874956130981445,6.162654399871826,5.380186557769775,5.779746055603027,5.851004123687744,6.123789310455322,LIVER,Liver-142_MR
0.014503955841064453,0.052795607429629854,3.6400807895004776,0.04716328042326268,3.251750654964404,0.015797872986695438,1.0892105759079769,0.028893045623192393,1.99207898996761,0.03570294948480068,2.4615991154444434,5.8755388259887695,6.068227767944336,5.967268466949463,6.177248001098633,5.499625205993652,5.913608074188232,5.949786186218262,6.114537715911865,LIVER,Liver-143_MR
0.0018286705017089844,0.015797714517020722,8.638859823931544,0.008400672965649392,4.593844008178894,0.0020973870688862917,1.14694013903806,0.006538864906701747,3.575728455895321,0.008289685331419605,4.533151265993442,5.938875675201416,6.058232307434082,5.974344253540039,6.164262771606445,5.2462897300720215,5.700908660888672,5.98447847366333,6.163796424865723,LIVER,Liver-144_MR
0.007588863372802734,0.04887017706334973,6.4397143900822424,0.034724612858440196,4.575727008818919,0.009885671896142867,1.3026534256812714,0.01760937353844838,2.320419998251316,0.02796026193141188,3.6843758694955735,5.794464588165283,5.9788055419921875,5.952527046203613,6.175331115722656,5.308403968811035,5.659388065338135,5.874658107757568,6.106779098510742,LIVER,Liver-145_MR
0.009787559509277344,0.05416931629304145,5.534501312271241,0.03807800277076012,3.890445195272138,0.013275655906511474,1.3563792210035268,0.025066517384516374,2.5610563849131873,0.03346787499862103,3.4194265457729656,5.793471336364746,5.997261047363281,5.977445602416992,6.196638584136963,5.243862628936768,5.5355939865112305,5.898326873779297,6.099438667297363,LIVER,Liver-146_MR
0.004889965057373047,0.026306057251986203,5.379589250117388,0.01707056338983648,3.4909305649929,0.005299638664325812,1.083776216063736,0.011510262162346407,2.353848849390626,0.016063235452975277,3.2849319811468813,5.876470565795898,6.029963493347168,5.960343360900879,6.175018787384033,5.297089576721191,5.621222496032715,5.965638160705566,6.153964042663574,LIVER,Liver-147_MR
0.012349605560302734,0.06746556660419856,5.462968970553503,0.05633620399470374,4.561777953298712,0.014604666407166178,1.1826008944045352,0.023623020583841026,1.9128547336952033,0.040936007640880234,3.3147596733672526,5.892024040222168,6.1017303466796875,5.975765228271484,6.193069934844971,5.423678398132324,5.738382816314697,5.829431056976318,6.1127495765686035,LIVER,Liver-148_MR
0.008081912994384766,0.04004767188325786,4.955215721689326,0.029903328148009223,3.7000263636248127,0.01103079990622291,1.3648731760853194,0.014659148653095144,1.813819392152111,0.02471126866129225,3.05759763839143,5.807629108428955,6.031038284301758,5.985848426818848,6.182767868041992,5.381560325622559,5.688317775726318,5.91432523727417,6.165279865264893,LIVER,Liver-149_MR
0.022838115692138672,0.08222823371426102,3.6004808285368872,0.06264649407808065,2.7430663497768903,0.03169179561299984,1.387670601353629,0.036951429426210325,1.6179711909953156,0.05622654281683026,2.461959601009838,5.917418479919434,6.150736331939697,5.974631309509277,6.159187316894531,5.564888000488281,5.880610942840576,5.974002361297607,6.16532039642334,LIVER,Liver-150_MR
0.02046489715576172,0.07821821809307039,3.8220656217855704,0.06331589845154895,3.093876652830203,0.02234513474749633,1.0918756961575196,0.036370631779448104,1.7772194861489152,0.054073853866213994,2.6422721322236717,5.80885124206543,5.999008655548096,5.933459281921387,6.185632228851318,5.309732437133789,5.743364334106445,5.862400054931641,6.050693035125732,LIVER,Liver-151_MR
0.015408992767333984,0.049100060766136266,3.186452848864755,0.04093109379402904,2.6563103668720287,0.015537976363901862,1.008370015796304,0.029890592356025536,1.9398135497380478,0.03575328563687208,2.320285496519383,5.887051582336426,6.0497894287109375,5.931270599365234,6.1414031982421875,5.465445518493652,5.815751075744629,5.908246040344238,6.072908401489258,LIVER,Liver-152_MR
0.0032758712768554688,0.02688805805928496,8.207885386217328,0.013910188573845517,4.2462431932814,0.003952058888216925,1.206410902659611,0.009616731717926541,2.9356166799663996,0.016378771800191316,4.999806285993784,5.8608598709106445,6.013612270355225,6.010265350341797,6.190189361572266,5.219376564025879,5.648695468902588,5.99690055847168,6.162990093231201,LIVER,Liver-153_MR
0.0038208961486816406,0.033047929990061675,8.649238872685864,0.01220637949745651,3.1946294995149724,0.004425828959483624,1.1583192015880068,0.015103548727552152,3.9528709002086995,0.019510865121560528,5.106345029775863,5.894738674163818,6.016117572784424,5.9664411544799805,6.138328552246094,5.263096809387207,5.630434036254883,6.008999824523926,6.148779392242432,LIVER,Liver-154_MR
0.002738475799560547,0.02168557582763242,7.918819893501865,0.012672567788740707,4.627582071367437,0.0035479818500903093,1.2955998715274204,0.006372813382085951,2.3271303371770693,0.012183888041931823,4.4491331829754275,5.869866847991943,6.034584999084473,5.934684753417969,6.1530985832214355,5.361883163452148,5.6934332847595215,5.953878402709961,6.166306018829346,LIVER,Liver-155_MR
0.007539272308349609,0.03499528605055957,4.641726442821085,0.028856508991054852,3.827487526113305,0.00812300009377509,1.0774235214377137,0.018187955375310594,2.412425298780467,0.02209340748510158,2.930439076493204,5.8247480392456055,5.973261833190918,5.964228630065918,6.175505638122559,5.224147796630859,5.576885223388672,5.872697353363037,6.096800327301025,LIVER,Liver-156_MR
0.007993698120117188,0.0405382772341909,5.071273134450725,0.028423517648775487,3.5557362392609853,0.009273627827809605,1.160115892206689,0.016138698115923944,2.018925118782965,0.027083989924733487,3.3881634802968557,5.8060197830200195,5.9744062423706055,5.9831976890563965,6.194427490234375,5.239023685455322,5.664623260498047,5.880696773529053,6.101051330566406,LIVER,Liver-157_MR
0.0378880500793457,0.13755520452286873,3.6305686866732874,0.1097498034452542,2.8966857425641384,0.048025976412361615,1.267575492431783,0.060658660213732674,1.6009967279058483,0.09257564397688611,2.4433988909174262,5.851296424865723,6.080501079559326,5.918938159942627,6.13661527633667,5.510356426239014,5.923981666564941,5.91054630279541,6.111051559448242,LIVER,Liver-158_MR
0.013931751251220703,0.05914741190105133,4.245508578168379,0.04714179216591674,3.3837639990985466,0.01735411857785607,1.2456514481494936,0.03063953272425124,2.1992576653986657,0.03941393541794014,2.8290705465891244,5.812168598175049,6.037595748901367,5.944788932800293,6.171086311340332,5.339138984680176,5.618593692779541,5.85860538482666,6.037275314331055,LIVER,Liver-159_MR
0.004958629608154297,0.03283193276581642,6.621157285120204,0.02273775934764899,4.5854833471377106,0.006222040551563168,1.2547878134420691,0.012010069571658732,2.422049295921531,0.019008577077670452,3.833425814292202,5.846579074859619,5.997441291809082,5.941150665283203,6.160717964172363,5.278136253356934,5.647605895996094,5.925920009613037,6.121982097625732,LIVER,Liver-160_MR
0.010482311248779297,0.04475781318569716,4.269837960834234,0.03719151309746849,3.54802263876425,0.011818098838745072,1.1274314684947604,0.020867476312844246,1.9907304706268507,0.029136907751478702,2.779623621521025,5.82875919342041,6.049897193908691,5.921878814697266,6.156705379486084,5.415352821350098,5.694911956787109,5.83321475982666,6.097743988037109,LIVER,Liver-161_MR
0.01927042007446289,0.06310264724669423,3.274584272528388,0.05522473270377759,2.8657758280631844,0.01994608362372219,1.0350616746304313,0.031517185618270105,1.6355206135246858,0.044563381182285866,2.312526550268388,5.828001976013184,6.008458137512207,5.947061538696289,6.168407917022705,5.501263618469238,5.740044593811035,5.813762664794922,6.066122055053711,LIVER,Liver-162_MR
0.01943206787109375,0.06365593784477142,3.275817350416396,0.05336057938012573,2.746004814004087,0.019335807832760565,0.9950458186215694,0.03380654994853671,1.73972902809461,0.044466405386742736,2.288299052819713,5.897295951843262,6.028059482574463,5.917581558227539,6.158503532409668,5.531606674194336,5.9063568115234375,5.915771007537842,6.098968982696533,LIVER,Liver-163_MR
0.0036230087280273438,0.028497823524048727,7.865767654909469,0.017978258440166428,4.962231716079261,0.005416413061198,1.495000017332817,0.008357551593860535,2.306792269442958,0.016124694165114306,4.450624017031747,5.854743003845215,6.019895553588867,5.955918312072754,6.141158103942871,5.39565372467041,5.699604034423828,5.933952331542969,6.1573805809021,LIVER,Liver-164_MR
0.0008401870727539062,0.008379733567608127,9.97353339989861,0.0030860845333791076,3.6730484233465326,0.0010770711949703582,1.2819268596593079,0.0028696940607915167,3.4155011411614975,0.0045636601030309976,5.431654371364007,5.965893745422363,6.06451416015625,6.001238822937012,6.149209022521973,5.432348251342773,5.755953788757324,6.008008003234863,6.16038703918457,LIVER,Liver-165_MR
0.0045375823974609375,0.03614182513638298,7.964978334459163,0.019504153946400038,4.298348603835332,0.005436385233622332,1.1980770323628724,0.013962860737819938,3.0771518273948577,0.02081442402823086,4.587107480142512,5.936460018157959,6.077768802642822,5.963703155517578,6.170133590698242,5.310886859893799,5.619342803955078,6.020624160766602,6.166837692260742,LIVER,Liver-166_MR
0.03540372848510742,0.09915576391631475,2.8007145052781532,0.08528536609441062,2.408936732212218,0.04885821742141161,1.3800298926613022,0.056654248282512754,1.6002334981189728,0.07333821150598396,2.0714821271441055,5.895827293395996,6.094676971435547,5.982609748840332,6.174283027648926,5.587319374084473,5.925079822540283,5.9554243087768555,6.147915840148926,LIVER,Liver-167_MR
0.01921367645263672,0.07048800322837678,3.668635032747899,0.054010471526851234,2.8110415801773065,0.019459858380230344,1.0128123214772167,0.039748057948088444,2.0687366813271675,0.04789755252437544,2.4928871740697316,5.881758689880371,6.073735237121582,5.932800769805908,6.158969879150391,5.478561878204346,5.778720855712891,5.946501731872559,6.117887496948242,LIVER,Liver-168_MR
0.007184505462646484,0.031064847410277707,4.323861166670059,0.024424187770762273,3.3995594967743856,0.009065942802237714,1.2618725437189313,0.012927647041294676,1.7993763265606022,0.01997197572245568,2.7798639763938673,5.884801387786865,6.105547904968262,5.935149669647217,6.149930000305176,5.514885425567627,5.804073333740234,5.9239020347595215,6.14309024810791,LIVER,Liver-169_MR
0.0022344589233398438,0.013326734349334401,5.964161868680202,0.005507509059441418,2.464795550259605,0.0024783801791841142,1.1091584909937786,0.006929300404067362,3.1010949992135894,0.008315028200513552,3.7212547973525374,5.985739707946777,6.098832607269287,6.009156703948975,6.184938907623291,5.388134002685547,5.829756259918213,6.047350883483887,6.165179252624512,LIVER,Liver-170_MR
0.01588726043701172,0.06525415210091978,4.107323052102184,0.053123571539856584,3.343782165128722,0.016193909804542272,1.0193009471794596,0.03735827114718404,2.3514593834918607,0.04293035955055302,2.7021859872505516,5.875129699707031,6.04452657699585,5.9869384765625,6.192197799682617,5.483274459838867,5.736154556274414,5.916385173797607,6.147214412689209,LIVER,Liver-171_MR
0.0031061172485351562,0.02562785415284452,8.250741873157505,0.01625935807476253,5.234607848867239,0.004038979487859251,1.3003264723826193,0.007842420538963779,2.5248226847957533,0.014844749690723802,4.7791827259248825,5.894513130187988,6.046167373657227,5.959985733032227,6.153223037719727,5.2728376388549805,5.631397247314453,5.954622268676758,6.149921894073486,LIVER,Liver-172_MR
0.0016222000122070312,0.014761214298232517,9.099447165999027,0.006110633751802652,3.7668573771709624,0.0017988573921741136,1.108893040135261,0.006456654672206241,3.9801595500091294,0.008437864262305084,5.201462325352865,5.865067481994629,5.984127998352051,5.944161891937256,6.117635250091553,5.235860824584961,5.616081237792969,5.998504638671875,6.151927471160889,LIVER,Liver-173_MR
0.007921695709228516,0.04834597578803823,6.102975490709889,0.03193490241858399,4.031316434966894,0.010926180348747039,1.3792711759057665,0.018798685452452446,2.373060315855034,0.027453293614257746,3.465578578900703,5.8233160972595215,6.011941432952881,5.92990779876709,6.162841320037842,5.373907089233398,5.676675796508789,5.91364860534668,6.16007137298584,LIVER,Liver-174_MR
0.013697624206542969,0.07553192669712416,5.5142315496383105,0.05535235600348187,4.041015781910838,0.016287358612544267,1.1890636271162986,0.035379584984355006,2.5828974880534616,0.04417109640291983,3.224724484306973,5.852335453033447,6.025808334350586,5.949284553527832,6.188629150390625,5.327478408813477,5.64321231842041,5.865640163421631,6.123687744140625,LIVER,Liver-175_MR
0.023451805114746094,0.081943659579224,3.4941286709914086,0.07004536160877706,2.986777836429972,0.027251162195824463,1.162006525400646,0.038781412922446634,1.6536635963014032,0.056682591828746354,2.4169810119774193,5.802099227905273,6.011309623718262,5.964776039123535,6.169343948364258,5.525135040283203,5.890084266662598,5.913862228393555,6.069043159484863,LIVER,Liver-176_MR
0.007195949554443359,0.05711867257491576,7.93760333736814,0.0368910460614984,5.126633325602689,0.009690360568697542,1.3466391098201687,0.017346794398577003,2.4106297801334513,0.03194829717767789,4.43975496748734,5.769870758056641,5.935612678527832,5.972927093505859,6.180057048797607,5.256019592285156,5.5716753005981445,5.866332530975342,6.120017051696777,LIVER,Liver-177_MR
0.00797891616821289,0.040688548895218446,5.0995018674714485,0.03146405930584706,3.9433952191707444,0.009464489767424311,1.1861859062100026,0.01681866211851002,2.107885417653519,0.024549941358600336,3.076847791423918,5.808283805847168,6.012251377105713,5.908420085906982,6.162954330444336,5.313301086425781,5.680782794952393,5.871854782104492,6.105776786804199,LIVER,Liver-178_MR
0.00555419921875,0.03466586439128605,6.241368127484359,0.02264353336096292,4.076823985045877,0.006032508061139197,1.0861146607107537,0.015400891264107486,2.7728323974755718,0.02061649072277305,3.711867866477829,5.819344520568848,5.97103214263916,5.941593647003174,6.171535968780518,5.258819103240967,5.644871711730957,5.906251907348633,6.129671573638916,LIVER,Liver-179_MR
0.018564224243164062,0.08518884095985868,4.588869104106887,0.07611771514274324,4.100234577182852,0.023063645966203694,1.2423699067844103,0.03418573874461117,1.8414839145438728,0.05375632013027598,2.895692837428549,5.8647661209106445,6.117326736450195,5.947882175445557,6.174962043762207,5.453832149505615,5.720430850982666,5.813897132873535,6.091190814971924,LIVER,Liver-180_MR
0.025577545166015625,0.09474291575844518,3.70414275889543,0.08525482986630095,3.3331891696817566,0.02924299588124768,1.1433069224732726,0.04170149200621154,1.6303939815803605,0.06336646337894081,2.4774245610125605,5.855874061584473,6.088289260864258,5.965819358825684,6.160913467407227,5.437787055969238,5.774463653564453,5.839394569396973,6.06475830078125,LIVER,Liver-181_MR
0.016481399536132812,0.06317024666338966,3.8328182140550027,0.05323827846399354,3.2302017826374168,0.01746571164480315,1.0597219616752083,0.030928065349996814,1.8765424936618469,0.042086957817843995,2.5536018461027363,5.8714599609375,6.072821140289307,5.955943584442139,6.182304382324219,5.381428241729736,5.671356201171875,5.878470420837402,6.118339538574219,LIVER,Liver-182_MR
0.006988525390625,0.0582436818780252,8.334175706709319,0.03583466340131736,5.127635677339338,0.009366509498079267,1.3402678779654287,0.020975092555659103,3.001357420869161,0.030898543799594336,4.421318927717559,5.8073296546936035,5.956695556640625,5.9485321044921875,6.15961217880249,5.301587104797363,5.6210832595825195,5.940778732299805,6.131443977355957,LIVER,Liver-183_MR
0.023191452026367188,0.07342659360563175,3.1661045570197546,0.0655181599122443,2.8250982985787787,0.024562053286246055,1.0590989588461732,0.03978128356195043,1.7153417717572825,0.05104219315086311,2.200904500666299,5.748431205749512,6.000272274017334,5.88741397857666,6.141106128692627,5.384856224060059,5.720770835876465,5.875392436981201,6.082747459411621,LIVER,Liver-184_MR
0.019166946411132812,0.08211150247313981,4.284013628029471,0.07259681568626775,3.7876026912703296,0.023532306862335872,1.2277539718652208,0.03669351515327435,1.9144153284535836,0.05171617157259334,2.6981942496908298,5.848832130432129,6.046907424926758,5.967574596405029,6.1821465492248535,5.357560157775879,5.795995712280273,5.866602897644043,6.060695648193359,LIVER,Liver-185_MR
0.005501747131347656,0.03404805356308316,6.188578076099677,0.023913361084680673,4.346495222122444,0.006529243776128624,1.1867560890550042,0.01228762467985689,2.2334000550197013,0.020121937991177674,3.6573657307640555,5.863528251647949,6.031085968017578,5.987748146057129,6.179798603057861,5.309494972229004,5.747179985046387,5.942309379577637,6.120416641235352,LIVER,Liver-186_MR
0.014933586120605469,0.04948766312037378,3.3138476975475717,0.03623444816292931,2.4263712417488508,0.011621415062052165,0.7782060642457622,0.01936610316045062,1.2968144446955514,0.035494715269805965,2.3768364286235206,5.989574432373047,6.086578845977783,6.044383525848389,6.200638294219971,5.745567321777344,6.064067363739014,6.067575454711914,6.171441078186035,MELANOMA,Melanoma-001_CT
0.00140380859375,0.001622280189991443,1.1556195346137066,0.0009592528928408228,0.6833168452900917,0.0010243556256170905,0.7296923051010062,0.0013588463335167944,0.9679643363940125,0.0015391733671492602,1.0964189917428642,5.893526077270508,6.120260238647461,6.045626163482666,6.169294834136963,5.805965900421143,6.041430473327637,6.037468910217285,6.173255920410156,MELANOMA,Melanoma-002_CT
0.0025467872619628906,0.003649947422132982,1.433151934253244,0.004198879292005131,1.648690044832596,0.0021387553745455534,0.8397823440791485,0.002908967636358284,1.1422062053405295,0.003391202381635594,1.3315556885049797,6.007267951965332,6.133506774902344,6.016104698181152,6.178925037384033,5.471729755401611,5.874849319458008,5.657505989074707,6.055245399475098,MELANOMA,Melanoma-003_CT
0.00028324127197265625,0.0009805765894270735,3.461861204004527,0.0007804886788562726,2.75546398581263,0.0002377993864115524,0.839535105192779,0.0016473164558874487,5.815742483396413,0.0007774861470579708,2.7448637446296296,5.899476051330566,6.111664772033691,6.093334197998047,6.1348347663879395,5.88728141784668,6.081071376800537,5.778665542602539,5.954477310180664,MELANOMA,Melanoma-004_CT
0.0001125335693359375,0.0007696289928844635,6.8384981694258835,0.0004798096164222443,4.263323255636528,9.015100002329746e-05,0.8010319963657877,0.000772441662888923,6.863490001665216,0.0006266582579428359,5.568139180589601,5.88812255859375,6.092169284820557,6.060833930969238,6.10286808013916,5.938502788543701,6.133946418762207,5.965692043304443,6.088407516479492,MELANOMA,Melanoma-005_CT
0.052750587463378906,0.11761471528262746,2.229637595370919,0.10465647862895366,1.9839866022675747,0.0431440929785083,0.8178882335590655,0.05634393167017038,1.0681193082085199,0.08775724516121386,1.663625615276446,5.880258560180664,6.073702812194824,6.0490827560424805,6.164629936218262,5.679833889007568,6.0266265869140625,5.99701452255249,6.170331954956055,MELANOMA,Melanoma-006_CT
6.723403930664062e-05,7.753036587132556e-05,1.1529700873229536,7.6067502703836e-05,1.131215546956651,5.692393358458503e-05,0.84652757584959,0.00010491373996046605,1.5601939003403293,8.197674057441873e-05,1.2190930440777847,5.95432710647583,6.098849773406982,6.022977352142334,6.184903144836426,5.415370941162109,5.840367317199707,5.706502914428711,6.014215469360352,MELANOMA,Melanoma-007_CT
0.0037298202514648438,0.006855367584932992,1.8379838016061543,0.005417943131163838,1.4525977768119633,0.0030367953556265093,0.8141913038626479,0.005009427108745967,1.3430710705342632,0.005975297973463967,1.6020294679944869,5.83643913269043,6.106293678283691,6.057389259338379,6.211370468139648,5.840860843658447,6.13167142868042,6.019575119018555,6.130678176879883,MELANOMA,Melanoma-008_CT
0.008129596710205078,0.01758656886056542,2.163274250215455,0.014096933354551311,1.7340240256463404,0.0066134551518644,0.8135024715971246,0.009890755655391104,1.2166339661887038,0.013621557230464987,1.6755493489452418,6.024033546447754,6.1389079093933105,5.975837707519531,6.150274276733398,5.505098819732666,5.916600227355957,5.811115264892578,6.10666036605835,MELANOMA,Melanoma-009_CT
0.002262592315673828,0.003595398624270274,1.5890546029073274,0.0028924357042114934,1.2783668098342302,0.0017407894593191031,0.7693749127984414,0.0023359333075347877,1.03241002245643,0.0033471320007265604,1.47932846065781,6.041742324829102,6.114470958709717,6.060169696807861,6.21415901184082,5.864875793457031,6.076287269592285,5.996863842010498,6.173817157745361,MELANOMA,Melanoma-010_CT
0.0007715225219726562,0.0009871623355479642,1.2794824682490182,0.0008354196230015987,1.082805454351549,0.0007497602647958956,0.9717805062564397,0.001334835826384051,1.7301096044158182,0.0009144496225417242,1.1852379472010552,6.006434440612793,6.133990287780762,6.089849472045898,6.197292327880859,5.947351932525635,6.123498439788818,5.873503684997559,6.145468235015869,MELANOMA,Melanoma-011_CT
0.0003643035888671875,0.0005619904991363001,1.54260097978716,0.0002762692944884293,0.7583282724849025,0.0002666418166938911,0.7319019241719715,0.0006067031708880677,1.6653322561329016,0.000492118784336526,1.3508109479713384,5.808038711547852,6.008908271789551,6.082858562469482,6.2059221267700195,5.723747730255127,6.022119522094727,6.046484470367432,6.145528316497803,MELANOMA,Melanoma-012_CT
0.0002880096435546875,0.00034809543137725996,1.2085822587693247,0.00024592788554400613,0.8538580303371245,0.0002538515358025961,0.8813688284229693,0.00040649829492167555,1.4113561488541042,0.0003588479463587646,1.2459148338978783,6.082181930541992,6.16541051864624,6.018111228942871,6.201517105102539,5.446258544921875,5.874470233917236,6.038414001464844,6.159618854522705,MELANOMA,Melanoma-013_CT
0.0033173561096191406,0.010394145272243804,3.1332523842046283,0.006469470686454315,1.9501829079688344,0.0027738417966816087,0.836157874959441,0.011779333126412439,3.550808905974143,0.009317094886114319,2.8085820431752087,5.9843339920043945,6.117306709289551,6.108150482177734,6.186618804931641,5.889026165008545,6.1013689041137695,6.065576553344727,6.137402057647705,MELANOMA,Melanoma-014_CT
0.0003657341003417969,0.0013141047221552071,3.592962185656977,0.0004410014948348362,1.205765163191175,0.00031287613046515617,0.8554509291408001,0.0020451115564128486,5.591646056632606,0.0011152774737865911,3.0493382469993007,5.9271392822265625,6.1007795333862305,6.09738826751709,6.150099277496338,5.821398735046387,6.059432506561279,6.057987213134766,6.1554741859436035,MELANOMA,Melanoma-015_CT
0.0006475448608398438,0.004891065070978584,7.553128494217673,0.0023729046150720023,3.6644070774088124,0.0005396665812611445,0.8333912906795665,0.0045077004456288705,6.961109734830228,0.0034789025130521622,5.372367228531361,5.882286548614502,6.11318302154541,5.990871429443359,6.09102725982666,5.390252113342285,5.811737537384033,5.881245136260986,6.026638031005859,MELANOMA,Melanoma-016_CT
0.000926971435546875,0.0019826505562150487,2.138824446948475,0.0014479612865443414,1.562017566932301,0.0008258034245045565,0.8908521711843902,0.0021151020206957583,2.281709147117869,0.001526499808051085,1.646742587838906,5.936149597167969,6.101900577545166,6.074296951293945,6.198629379272461,5.812772750854492,6.051708221435547,5.992278099060059,6.121697425842285,MELANOMA,Melanoma-017_CT
0.0010232925415039062,0.0010235848141633141,1.000275844775088,0.000923540041611659,0.9025092816190701,0.0009010736204402292,0.8805544635078868,0.0017558620810405046,1.7158777681329564,0.0011033893105718562,1.0782630412998386,6.037311553955078,6.177556991577148,6.0775251388549805,6.187033653259277,5.486014366149902,5.910721302032471,5.674750328063965,6.009676933288574,MELANOMA,Melanoma-018_CT
0.050640106201171875,0.18099578664160276,3.574158201426368,0.1730077038327522,3.416416011872196,0.03931414235466946,0.7763438416786191,0.07893719690383705,1.5587878311782062,0.11721315706603264,2.3146304917704783,5.969466209411621,6.12211275100708,6.009260177612305,6.182981967926025,5.53413200378418,5.935921669006348,5.8414387702941895,6.115231513977051,MELANOMA,Melanoma-019_CT
0.010695457458496094,0.03761811913904012,3.517201962889209,0.02820447014931915,2.6370488488480732,0.0085307694724861,0.7976060425212704,0.013212647230574248,1.2353501407812333,0.0269335558837156,2.5182214791669115,6.031412124633789,6.1552958488464355,6.080658912658691,6.211081504821777,5.80839204788208,6.073505878448486,6.036246299743652,6.155892372131348,MELANOMA,Melanoma-020_CT
0.0018324851989746094,0.0014416629550453308,0.7867212726407291,0.001253928943668825,0.68427406760491,0.00144258506065853,0.7872244693823715,0.001456439676729815,0.7947849890928936,0.0016333637483114671,0.8913331665073021,5.974720001220703,6.158871650695801,6.011064529418945,6.18975830078125,5.817778587341309,6.044036388397217,5.972123622894287,6.158675193786621,MELANOMA,Melanoma-021_CT
0.0021514892578125,0.0024679922178165725,1.1471034483766736,0.0022783897203737524,1.058977692927613,0.0016670131730904814,0.7748146633270924,0.0019885909294714565,0.9242814852250157,0.0023221820748915434,1.0793320362343894,6.003206729888916,6.136477947235107,6.000487804412842,6.180416584014893,5.661982536315918,6.0366010665893555,5.980575084686279,6.162746429443359,MELANOMA,Melanoma-022_CT
0.008691787719726562,0.03701463332026833,4.258570495291368,0.024835217421355082,2.8573165439630572,0.007004933213039521,0.8059245554163554,0.017429737000952628,2.0053086326888145,0.025411002486066536,2.9235611901545666,6.010760307312012,6.150541305541992,6.051556587219238,6.1616034507751465,5.482143878936768,5.890385627746582,5.986486434936523,6.15081787109375,MELANOMA,Melanoma-023_CT
0.00019931793212890625,0.00018100239498153314,0.908063376007323,0.00014781666612861954,0.7415752752254805,0.00016349165574069957,0.8202144776928143,0.000221504788527227,1.1112581471219942,0.00020521250004890135,1.0295220436852248,5.9449615478515625,6.088364601135254,6.023207187652588,6.203192710876465,5.495360374450684,5.901551246643066,5.857945919036865,6.069141387939453,MELANOMA,Melanoma-024_CT
0.00032520294189453125,0.0004421425052782979,1.3595476942048872,0.00030982022170178425,0.9526687957032812,0.00027683254725729967,0.8512347191492715,0.0005106922239406231,1.5703317984997165,0.0004634717290059598,1.425133102963248,5.9993672370910645,6.092217445373535,6.040353775024414,6.204102516174316,5.4182891845703125,5.8149566650390625,5.981143951416016,6.144594192504883,MELANOMA,Melanoma-025_CT
0.00885915756225586,0.01694712140425736,1.912947383054353,0.01171278275225518,1.3221087274787575,0.007017820702287736,0.7921535125023359,0.009634084392814657,1.0874706144920772,0.013986977287828495,1.5788139449376113,6.03510856628418,6.12360954284668,6.053516387939453,6.213382720947266,5.830752849578857,6.110596656799316,6.046017646789551,6.191880702972412,MELANOMA,Melanoma-026_CT
0.0006589889526367188,0.002081836218621902,3.1590888123452596,0.0008914709307532576,1.3527653225948173,0.0005889504290053083,0.8937046510451351,0.003110875090101217,4.720607032309086,0.0017092097222075608,2.593645582240832,5.916115760803223,6.083444595336914,6.1045002937316895,6.181830883026123,5.902317047119141,6.087291717529297,6.041118621826172,6.145404815673828,MELANOMA,Melanoma-027_CT
0.0014171600341796875,0.005348488131289741,3.774062393568498,0.003230395930643226,2.279469543337546,0.0012315183852535938,0.868998324513998,0.00817356369486788,5.767525065966452,0.004040288819282978,2.8509555817849708,5.847818851470947,6.090522289276123,6.054365158081055,6.144954204559326,5.758960723876953,6.020105838775635,6.014998435974121,6.133999824523926,MELANOMA,Melanoma-028_CT
0.003922462463378906,0.004485680426029148,1.1435849372834301,0.00504007229952208,1.2849222898509396,0.0034694698250063993,0.884510944920113,0.0053633859277510965,1.3673482676615032,0.004995220664028466,1.2734877582098996,6.0036725997924805,6.157779693603516,5.965453624725342,6.149744033813477,5.67815637588501,5.974028587341309,5.813998699188232,6.088793754577637,MELANOMA,Melanoma-029_CT
0.0021157264709472656,0.007836393646698525,3.7038609270605356,0.005034497189797094,2.3795483317178103,0.001739036845094688,0.8219534280259772,0.008501177151913453,4.018069957506226,0.00646422996351248,3.055309606029663,5.942688465118408,6.091734886169434,6.099809646606445,6.169748306274414,5.8346147537231445,6.05723762512207,6.0566534996032715,6.148487091064453,MELANOMA,Melanoma-030_CT
0.0024156570434570312,0.0021877957141782645,0.9056693968252086,0.0018392582771866728,0.7613873286752851,0.0019869927149613886,0.8225441168903095,0.002049444894453245,0.848397091811258,0.0021832548276847774,0.9037896317699265,5.979461669921875,6.136449813842773,5.999825954437256,6.192087173461914,5.908115863800049,6.101503372192383,5.9825334548950195,6.129524230957031,MELANOMA,Melanoma-031_CT
0.0004639625549316406,0.0022340787797929806,4.815109764675927,0.001255656113698933,2.7063154929151683,0.0003701792694243977,0.797847341377634,0.002861706610474357,6.167835963693987,0.001709483303216075,3.6844491878791015,5.894131660461426,6.082834243774414,6.051517009735107,6.106525421142578,5.614162445068359,5.953229904174805,5.969640731811523,6.09334659576416,MELANOMA,Melanoma-032_CT
0.013434410095214844,0.027066228212873966,2.0146927088065816,0.025343687427238137,1.8864742391273899,0.010963300890779237,0.816060597560457,0.01670082669991757,1.2431371493188734,0.021707097797076358,1.6157822699625217,5.994071960449219,6.107596397399902,6.070703983306885,6.210257530212402,5.7871479988098145,6.081986427307129,5.965871810913086,6.148069381713867,MELANOMA,Melanoma-033_CT
0.0003147125244140625,0.0003117037837512271,0.9904082471743783,0.00026674732501419385,0.847563502201862,0.0002634974531190437,0.8372373525206449,0.00035808443161045034,1.1377782136093286,0.0003676478347927059,1.1681649906601936,5.992311000823975,6.103097915649414,6.000115394592285,6.192057132720947,5.519539833068848,5.906049728393555,5.763191223144531,6.073241233825684,MELANOMA,Melanoma-034_CT
0.0008645057678222656,0.0007273488945145345,0.8413367593592219,0.00063880181311049,0.7389128537466076,0.0007259873865450572,0.8397618800797995,0.0010965139696281767,1.26835624107854,0.0007886373831524907,0.9122301900161818,5.9953203201293945,6.146717548370361,6.01496696472168,6.204514503479004,5.7441864013671875,6.0833587646484375,5.997868537902832,6.166502952575684,MELANOMA,Melanoma-035_CT
0.00048542022705078125,0.0023082308293851383,4.755020805788578,0.0010444979320141101,2.151695287621313,0.0004276357142600773,0.880941668709357,0.00303312112544063,6.2483153219944265,0.0018023293197302337,3.7128493845145134,5.905876636505127,6.06679105758667,6.0258307456970215,6.1050801277160645,5.706978797912598,6.038325786590576,5.973450660705566,6.093631744384766,MELANOMA,Melanoma-036_CT
0.002326488494873047,0.010961129498582523,4.7114277196988485,0.005046794061684068,2.1692659904168403,0.0019216949913811732,0.8260031096585931,0.008134142868755134,3.4963026568383837,0.009123286540443587,3.9214667710074878,5.827983379364014,6.132710933685303,6.052157402038574,6.138665199279785,5.645214080810547,5.984084129333496,5.986274719238281,6.1110429763793945,MELANOMA,Melanoma-037_CT
0.000957489013671875,0.0014441387778560966,1.5082404861369265,0.0013507097271201474,1.4106643535227927,0.0008111467949731832,0.847151572368256,0.0010364628118963992,1.0824688037240988,0.0015958994546565464,1.666737439797974,6.063957214355469,6.1708526611328125,6.019102096557617,6.154653072357178,5.617041110992432,5.963653087615967,5.727943420410156,6.020794868469238,MELANOMA,Melanoma-038_CT
0.0002570152282714844,0.0002117390542935027,0.8238065022545262,0.00016267331335484414,0.6329079617936163,0.00021962424884236498,0.8544851815495155,0.0003298224319507881,1.2832297987589423,0.0002488787436050188,0.968304727433757,5.986300468444824,6.120242118835449,6.00145149230957,6.174567222595215,5.644353866577148,6.022527694702148,5.89898681640625,6.150081634521484,MELANOMA,Melanoma-039_CT
0.0012373924255371094,0.001625555396543632,1.3136836998182222,0.001153255371633577,0.9319970187814952,0.0009525494148192593,0.7697975979041691,0.0012999522244001582,1.0505492777225633,0.0016744956764682684,1.3532345192724458,5.953112602233887,6.09101676940918,6.043430328369141,6.2086181640625,5.91282844543457,6.132011890411377,6.001281261444092,6.177590370178223,MELANOMA,Melanoma-040_CT
0.05071401596069336,0.18493245909002098,3.646574208747607,0.18174941778175935,3.5838096924631238,0.040317145684070965,0.7949900430961516,0.07733987724742519,1.5250194750337625,0.1273921449812292,2.511970654429335,5.99289608001709,6.140253067016602,6.034079551696777,6.215775012969971,5.729973793029785,6.0021257400512695,5.899859428405762,6.079315662384033,MELANOMA,Melanoma-041_CT
0.0005459785461425781,0.0004798654417754733,0.8788928726907073,0.0003839056051049283,0.7031385691462402,0.0004999278240802596,0.9156379334553103,0.0005677526422118717,1.0398618180235784,0.0005063406399017367,0.9273832637681599,5.978619575500488,6.1309309005737305,5.997555255889893,6.189014434814453,5.759953498840332,6.04116678237915,5.894091606140137,6.104458808898926,MELANOMA,Melanoma-042_CT
0.002360820770263672,0.0017536307107093307,0.7428023782125962,0.001646455814750425,0.6974052674544473,0.0017257674461461647,0.73100006484303,0.002159958444337917,0.9149145595457823,0.0020488641525275852,0.8678572722511388,5.951941013336182,6.11180305480957,6.000349044799805,6.1656718254089355,5.567395210266113,5.906806468963623,5.903656959533691,6.137449264526367,MELANOMA,Melanoma-043_CT
0.007934093475341797,0.03519506145073592,4.435921658964718,0.017182677282789882,2.1656734546242684,0.006154607889357067,0.7757156064935149,0.01690742064948836,2.1309806082104314,0.02678504716993757,3.375938724921115,5.798443794250488,6.132372856140137,6.09278678894043,6.185179710388184,5.637218475341797,5.965342044830322,6.042999267578125,6.164336681365967,MELANOMA,Melanoma-044_CT
0.0007071495056152344,0.0005949439524783884,0.841315074964286,0.0005611856687153249,0.7935772117311622,0.0006196714906820944,0.876282487559826,0.0007605474852709904,1.0754963756151563,0.0006565245165575107,0.9283966507475977,5.900671482086182,6.080364227294922,5.956582069396973,6.171163558959961,5.767746925354004,6.0388970375061035,5.997557640075684,6.177040100097656,MELANOMA,Melanoma-045_CT
0.000827789306640625,0.000802539630484489,0.9694857485944934,0.0007587128221757666,0.9165419880028347,0.0006918404670557265,0.8357586935695239,0.0009834448980825528,1.1880233411568906,0.0008790870158748021,1.061956695086292,5.986385822296143,6.118736743927002,5.935291290283203,6.171690940856934,5.587629318237305,5.932816982269287,5.915196418762207,6.146462440490723,MELANOMA,Melanoma-046_CT
0.00017976760864257812,0.00017955958273319084,0.9987872465818547,0.0001730956449819132,0.9628320583908225,0.00015030591745812671,0.8360658404181743,0.00019125018388876924,1.0638153735207376,0.00018735653154067222,1.0421572127659235,5.9528093338012695,6.086732864379883,6.02811336517334,6.194170951843262,5.582385063171387,5.961098670959473,5.995539665222168,6.177447319030762,MELANOMA,Melanoma-047_CT
0.0012197494506835938,0.0011308651746446685,0.9271214697380653,0.0010268562720341379,0.8418514580548268,0.0009176031663287176,0.7522820715301385,0.0011866502058239803,0.9728559226648682,0.001092958623502227,0.8960443986637666,5.96125602722168,6.126162528991699,6.051144599914551,6.221001625061035,5.916957855224609,6.1245527267456055,6.045196533203125,6.159527778625488,MELANOMA,Melanoma-048_CT
0.0015797615051269531,0.002085904694610008,1.3203837946440116,0.0013575385297315279,0.8593258742329536,0.0012826788428697,0.8119394727066063,0.0013381833809660293,0.8470740082493706,0.002491945733538614,1.577408964176979,5.999469757080078,6.125800132751465,6.033283710479736,6.191266059875488,5.867897033691406,6.123686790466309,6.090575695037842,6.196281433105469,MELANOMA,Melanoma-049_CT
0.003699779510498047,0.016514625558556872,4.463666246876233,0.008576341676530319,2.3180620552048152,0.0029968051704543086,0.8099934231260886,0.010053087496714852,2.7172052540258043,0.013729173147112306,3.7107984408724253,5.896055698394775,6.11325216293335,6.000221252441406,6.116959571838379,5.5571794509887695,5.866629600524902,6.016443729400635,6.146927356719971,MELANOMA,Melanoma-050_CT
0.0009903907775878906,0.00405259153831139,4.091870311513111,0.002402989807137601,2.4262802105124095,0.000838054141667044,0.8461767807857693,0.0063634742857630044,6.425150736716071,0.0031032467077238834,3.133324183450062,5.818385124206543,6.084781169891357,6.032284259796143,6.109957695007324,5.626940727233887,5.965952396392822,5.972687244415283,6.116416931152344,MELANOMA,Melanoma-051_CT
0.002579212188720703,0.003368908808482729,1.3061723891859474,0.0031703852837949853,1.2292020817979623,0.0021510856510076337,0.834005561992538,0.003147423626444379,1.220299530691268,0.0030050358118955955,1.1650938120170626,6.017634391784668,6.15254020690918,6.018688201904297,6.204545974731445,5.8207316398620605,6.115457534790039,6.098226070404053,6.185529708862305,MELANOMA,Melanoma-052_CT
0.0006346702575683594,0.002008882742302376,3.1651886415988058,0.00121160514015628,1.9090008326370256,0.0005330602719482158,0.8398879051170133,0.003827131382877269,6.03001485746555,0.0016490738503307512,2.5982750064557263,5.858909606933594,6.055869102478027,6.097954273223877,6.16306734085083,5.874449729919434,6.083173751831055,5.966653823852539,6.089362144470215,MELANOMA,Melanoma-053_CT
0.0002574920654296875,0.0008744745489366323,3.395990426241505,0.0005868516321925199,2.2790171846321106,0.00021979893861612254,0.8535812644817017,0.0015379684641629865,5.972645157609185,0.000713448017677365,2.770649689690261,5.894081115722656,6.111589431762695,6.090256214141846,6.134544372558594,5.867521286010742,6.076467990875244,5.8124847412109375,5.979368209838867,MELANOMA,Melanoma-054_CT
0.0006875991821289062,0.0004330175911917422,0.6297437591672013,0.00040159426389152486,0.5840443588146237,0.0005576004637362075,0.8109264364530752,0.0005878014752340732,0.8548482052176521,0.0005083730703461242,0.7393343247281119,5.9409379959106445,6.1180195808410645,5.980179786682129,6.162660598754883,5.737006187438965,6.038791179656982,5.905995845794678,6.160390853881836,MELANOMA,Melanoma-055_CT
0.00011491775512695312,0.00012275234035996618,1.068082642216145,9.083807790943865e-05,0.7903928673199595,0.00010750307492912725,0.9353969788270525,0.00022748325395127722,1.979358717134877,0.0001445986908663599,1.2581703236666484,5.967101573944092,6.13602876663208,6.028409957885742,6.153803825378418,5.535655975341797,5.9029765129089355,5.707726955413818,6.043614864349365,MELANOMA,Melanoma-056_CT
0.0004229545593261719,0.00177678711304452,4.200794307388622,0.0008934183455266975,2.1122770828601083,0.00034800552492697534,0.8227770323863202,0.002378601739678743,5.623643133287838,0.0014592847231824635,3.4501347477132867,5.9352521896362305,6.1402812004089355,6.084246635437012,6.132800102233887,5.781167030334473,6.036060810089111,5.954529762268066,6.097916603088379,MELANOMA,Melanoma-057_CT
0.0033783912658691406,0.005423538992147314,1.6053566658701903,0.004453582216143559,1.318251405224303,0.0027513446199805003,0.8143924902516513,0.005018204549287475,1.4853784835995414,0.004977865746496946,1.473438278864817,6.086092472076416,6.1754374504089355,6.041593074798584,6.216086387634277,5.743287086486816,6.0590901374816895,6.077452182769775,6.184081077575684,MELANOMA,Melanoma-058_CT
0.0011305809020996094,0.002196814457988694,1.943067517975787,0.0019894824042125947,1.759683719829999,0.0010354765944953215,0.9158720387474798,0.0016334892328018213,1.444810169415201,0.0016865823766920585,1.4917706958015695,5.978557586669922,6.121304512023926,6.053798198699951,6.211053371429443,5.923574924468994,6.124202728271484,6.049206256866455,6.16077995300293,MELANOMA,Melanoma-059_CT
0.016595840454101562,0.04866038070576906,2.9320811753725424,0.0387695505105512,2.3360990518548292,0.013410774654403212,0.8080799891209444,0.02194522286532674,1.322331924237309,0.03656653622590511,2.20335416537017,5.991704940795898,6.133974075317383,6.018150806427002,6.140233516693115,5.538509368896484,5.92978572845459,5.967910289764404,6.159890174865723,MELANOMA,Melanoma-060_CT
0.001987457275390625,0.0021437267198791687,1.0786223986796621,0.0011310249262237448,0.5690785152683576,0.0017145576113364314,0.8626847005566143,0.0026737147466349143,1.3452874317688635,0.0024321116657972652,1.2237241316686576,5.992461204528809,6.131880760192871,6.017192840576172,6.183011054992676,5.576720237731934,5.938816070556641,5.823762893676758,6.095213890075684,MELANOMA,Melanoma-061_CT
0.0990595817565918,0.19557576495799367,1.9743243585998258,0.18945228385069868,1.9125082234966089,0.08696725447791209,0.8779286582525712,0.118562036601503,1.1968758855056905,0.15344501916851527,1.5490172778579463,5.999750137329102,6.148860931396484,6.003695487976074,6.180856704711914,5.711603164672852,6.0408782958984375,5.995094299316406,6.187257289886475,MELANOMA,Melanoma-062_CT
0.0004181861877441406,0.001342677295269823,3.2106397299137868,0.0010098208201725356,2.4147059436858394,0.00036988671504900594,0.8844813173555489,0.0025684396177894087,6.141709783736294,0.0010975925193861258,2.6245875776793333,5.871112823486328,6.0840044021606445,6.093879222869873,6.133275985717773,5.894603252410889,6.080835819244385,5.767563343048096,5.947320938110352,MELANOMA,Melanoma-063_CT
0.004833698272705078,0.006299435241857054,1.303230332998916,0.005612528240959591,1.1611226669702728,0.0041194487190239215,0.8522336240864125,0.004873711112281853,1.0082758075828993,0.005784416435233197,1.1966829831035866,5.937676429748535,6.082305908203125,6.029422283172607,6.204202175140381,5.868875503540039,6.118378639221191,6.0124945640563965,6.157048225402832,MELANOMA,Melanoma-064_CT
0.0031824111938476562,0.0022181317615945773,0.6969950319218369,0.0019709111065679963,0.6193118341400615,0.0027400432996671498,0.8609932918258201,0.003209342185641617,1.0084592799488659,0.002534973497148485,0.7965549946842879,6.0424723625183105,6.16511344909668,5.966663837432861,6.1938276290893555,5.7466888427734375,6.115137577056885,5.830228328704834,6.13722038269043,MELANOMA,Melanoma-065_CT
0.005230903625488281,0.0074681083446250796,1.4276871841729115,0.007361402612701795,1.4072881220657973,0.004250942240048516,0.8126577008144942,0.0061246485605011,1.1708563740486908,0.006476219978452491,1.2380667015598,6.035478591918945,6.140203952789307,6.036045074462891,6.200374603271484,5.802538871765137,6.09414005279541,6.013017654418945,6.176239013671875,MELANOMA,Melanoma-066_CT
0.0016603469848632812,0.005863811343147063,3.531656984976581,0.0031257122722081476,1.882554354698323,0.001390863713680801,0.8376895609562717,0.008802811763416685,5.3017585035434625,0.004571801709460033,2.7535052709381582,5.941256999969482,6.107997894287109,6.062850475311279,6.130555152893066,5.762579917907715,6.044105529785156,6.020885467529297,6.146632194519043,MELANOMA,Melanoma-067_CT
0.0007648468017578125,0.000551000708128413,0.7203972127358869,0.0004735746865520696,0.6191677781562361,0.0005770952778618721,0.7545141476621214,0.0005543785622990072,0.7248135350629306,0.0006482183945877296,0.8475029483924027,5.951353073120117,6.124745845794678,5.993851661682129,6.170225143432617,5.59533166885376,5.982760906219482,5.891930103302002,6.117673397064209,MELANOMA,Melanoma-068_CT
0.008219242095947266,0.017010355011592537,2.0695745565438943,0.008909260766102989,1.083950298895924,0.006285116805202051,0.7646823253299537,0.012606356186864787,1.533759524553421,0.014296152203542078,1.7393495219098098,5.960549354553223,6.122786521911621,6.018482685089111,6.142839431762695,5.595482349395752,5.92680549621582,6.054347515106201,6.171870708465576,MELANOMA,Melanoma-069_CT
0.0039958953857421875,0.006865874802144845,1.7182275703131038,0.006678989929838508,1.6714584768873282,0.0035257037682754344,0.882329141439514,0.005614527811616199,1.4050702580820424,0.006041005121346643,1.5117988386065364,6.032809734344482,6.15838623046875,6.044114589691162,6.180296897888184,5.621756553649902,5.983686447143555,5.660759925842285,6.00609016418457,MELANOMA,Melanoma-070_CT
0.0008325576782226562,0.0008909619429005033,1.0701375590300426,0.0007939854125424972,0.9536587034431562,0.0006824693359419598,0.8197163471429464,0.0014787085264060806,1.776082071265112,0.0009092766698586274,1.0921354427302865,6.0183634757995605,6.126194953918457,6.054037094116211,6.188045024871826,5.6112165451049805,5.962510108947754,5.886128902435303,6.094932556152344,MELANOMA,Melanoma-071_CT
0.000453948974609375,0.0008257608689632434,1.819020914111894,0.000683183080013805,1.5049445395405476,0.0003556795373924615,0.7835059053486463,0.0009335920717603585,2.0565560413552806,0.000756137984126326,1.6656526832121155,6.009784698486328,6.138711929321289,6.09091329574585,6.178610324859619,5.476362228393555,5.893801689147949,5.881284713745117,6.076766014099121,MELANOMA,Melanoma-072_CT
0.005377769470214844,0.006643976966159926,1.235449873494812,0.00514913557222485,0.957483586068125,0.004314462769826832,0.8022758824014158,0.005806574305267986,1.0797345516728696,0.007597513824663338,1.4127603905557353,5.918496131896973,6.121025562286377,6.018274307250977,6.186130046844482,5.749911308288574,6.089486598968506,6.084422588348389,6.181872844696045,MELANOMA,Melanoma-073_CT
0.008685111999511719,0.01526545589649686,1.7576558967571314,0.009285628251149092,1.0691419477666675,0.006703651745169736,0.7718546435555677,0.012581518747396103,1.448628902173561,0.013921032371911224,1.60285973791662,5.813876152038574,6.081943511962891,6.02008056640625,6.151639461517334,5.739315032958984,6.02186393737793,6.044373035430908,6.150051116943359,MELANOMA,Melanoma-074_CT
0.004380226135253906,0.0045335335074128125,1.0349975132448015,0.0039015790643475157,0.8907234550544055,0.003667356931288168,0.8372509650271595,0.0055050678376176165,1.2567970464675664,0.004979324358913573,1.1367707596487693,5.986782073974609,6.12687873840332,5.9475297927856445,6.1356072425842285,5.575892925262451,5.8884358406066895,5.850333213806152,6.107702255249023,MELANOMA,Melanoma-075_CT
0.0027866363525390625,0.008518949396204789,3.0570615422522915,0.005984355358066296,2.1475115967311855,0.0026000355206292625,0.9330339022962965,0.006817992806873008,2.4466659720422617,0.006262342158947831,2.2472683529583426,6.012204170227051,6.114738941192627,6.092038154602051,6.214743614196777,5.981839179992676,6.158708572387695,6.030603408813477,6.136246681213379,MELANOMA,Melanoma-076_CT
0.00013208389282226562,0.0004222203733661445,3.196365587728182,0.0002903575381196788,2.1981147796920433,0.00010352529997703641,0.7837251046596931,0.00016879231318966958,1.2778207196662927,0.0002781337727810751,2.1055763202868767,5.917613983154297,6.120782852172852,6.059162139892578,6.16801118850708,5.590789794921875,5.973285675048828,6.0519022941589355,6.187597274780273,MELANOMA,Melanoma-077_CT
0.0017437934875488281,0.0023587327655434365,1.3526367978876919,0.0017606862425907366,1.0096815697195558,0.001450073115250916,0.8315576414457152,0.002943100936704468,1.6877480505796147,0.00213081934552406,1.2219377703615213,5.808346748352051,6.081231594085693,6.0631608963012695,6.198861122131348,5.892355918884277,6.1271443367004395,6.059549331665039,6.132988929748535,MELANOMA,Melanoma-078_CT
0.002566814422607422,0.008146869104052712,3.1739097665967315,0.005052273473381774,1.968297258232253,0.0020963056039988714,0.8166922464721643,0.009544941744763946,3.7185799155939305,0.006672411622616892,2.5994811191016125,5.980284214019775,6.110019683837891,6.102506637573242,6.173570156097412,5.82582426071167,6.043146133422852,6.045666694641113,6.140119552612305,MELANOMA,Melanoma-079_CT
0.00042724609375,0.0006287299736413843,1.471552969843123,0.0005884999696377236,1.3773939757593534,0.00038615636319150326,0.9038053964362054,0.0006589408721424661,1.5422620807089802,0.0006208354669752225,1.4530757455702703,5.971843719482422,6.119892597198486,6.027403354644775,6.154491424560547,5.544208526611328,5.928899765014648,5.817015647888184,6.07994270324707,MELANOMA,Melanoma-080_CT
0.0005626678466796875,0.0008476377813053659,1.5064353187302502,0.0005578406887138954,0.9914033260873236,0.0004419756049003354,0.7854860601112955,0.0017328360980286561,3.07962381716993,0.0008600004951517803,1.528406530000368,5.919499397277832,6.145876407623291,6.1124067306518555,6.180211067199707,5.6460676193237305,6.059782981872559,5.859180927276611,6.072465419769287,MELANOMA,Melanoma-081_CT
0.0006976127624511719,0.0009631683019506454,1.3806434563093253,0.000778919023986191,1.1165332697135282,0.0007490270072594285,1.0736848732223734,0.0015833941691312248,2.2696996920911823,0.0010343222360233995,1.4826383135624732,6.054202079772949,6.153378486633301,6.080002784729004,6.176626682281494,5.755027770996094,6.067285537719727,5.814431190490723,6.111853122711182,MELANOMA,Melanoma-082_CT
0.0025391578674316406,0.009274068624677057,3.6524046888076542,0.006040844810002,2.379064766644315,0.0020463681161118075,0.8059207673345763,0.009112224817613424,3.5886657729449007,0.0076109079604975705,2.997402439640975,5.999819755554199,6.134287357330322,6.0848517417907715,6.164625644683838,5.712657451629639,5.9773077964782715,5.913686275482178,6.101492881774902,MELANOMA,Melanoma-083_CT
0.0006928443908691406,0.0008880186032911297,1.281681425410566,0.0007057023409799967,1.0185435068034123,0.0008702413121568497,1.2560233775313003,0.0016898878745905677,2.4390231149011172,0.000915486720316494,1.3213262878627003,5.924404621124268,6.078155517578125,5.857676029205322,6.116453170776367,5.330877780914307,5.723453521728516,5.8462982177734375,6.123977184295654,MELANOMA,Melanoma-084_CT
0.0010995864868164062,0.005540317901591152,5.038500911940608,0.004772982627628153,4.340667403773792,0.0009183524889522232,0.8351722654289961,0.006663295331009067,6.059764114289683,0.003863486755676604,3.513549562951332,5.82950496673584,6.042706489562988,6.025900840759277,6.103876113891602,5.695631980895996,5.997235298156738,5.851222038269043,6.066884994506836,MELANOMA,Melanoma-085_CT
0.0003333091735839844,0.0003381559777722032,1.014511028982256,0.0003259464104132803,0.9778807708796674,0.00028160978988012175,0.8448652588812635,0.00044101883486291626,1.3231127094217263,0.00035672799538133404,1.07022944868622,6.003689765930176,6.135129928588867,5.979261875152588,6.140694618225098,5.450400352478027,5.885397911071777,5.764440536499023,6.009476184844971,MELANOMA,Melanoma-086_CT
0.000583648681640625,0.0019358213620535025,3.31670104968205,0.0013606527973593074,2.3312474227824462,0.0005004381456785723,0.8574157489988404,0.0034053811037892956,5.834542020718342,0.0015270860546934273,2.616402535812355,5.838402271270752,6.0510358810424805,6.093395709991455,6.14599084854126,5.8718414306640625,6.07490348815918,5.87044620513916,6.01285457611084,MELANOMA,Melanoma-087_CT
0.013966560363769531,0.030925294382370794,2.214236822419456,0.01658031091318435,1.1871426185053335,0.010685021145263818,0.7650425886215896,0.015328720811709218,1.0975293441740874,0.027022470226484074,1.9347964119081558,6.0122880935668945,6.149344444274902,6.09771203994751,6.22132682800293,5.782598495483398,6.0967488288879395,6.049746513366699,6.153648853302002,MELANOMA,Melanoma-088_CT
0.0038499832153320312,0.006087422543004095,1.581151498855071,0.006116171735556009,1.588618834755151,0.0030994650707327764,0.8050572812413314,0.0046995627818944286,1.2206678087584963,0.005720246263393847,1.485780868551614,5.979147911071777,6.152209281921387,6.025256633758545,6.163369178771973,5.508509635925293,5.916254043579102,5.736328125,6.081024169921875,MELANOMA,Melanoma-089_CT
0.0006570816040039062,0.0021633823724869217,3.2923603943569195,0.0009378575082905627,1.427285788733023,0.000542523440202558,0.8256435433001406,0.002731727877346657,4.15730144884094,0.0018333388010205454,2.7900810021758344,5.988300323486328,6.135801315307617,6.119377613067627,6.178591728210449,5.798408031463623,6.022388458251953,6.056435585021973,6.136621475219727,MELANOMA,Melanoma-090_CT
0.0003256797790527344,0.0006660507923470504,2.045046652321276,0.0003598142264991111,1.1047759237198889,0.0002654800472896568,0.8151316509280795,0.0010669412220067898,3.2759432153811465,0.0006085227435050911,1.8684121598011878,6.035575866699219,6.155259132385254,6.06047248840332,6.146584510803223,5.5486063957214355,5.954814910888672,5.766448020935059,5.980414390563965,MELANOMA,Melanoma-091_CT
0.003047943115234375,0.004190004801756686,1.3746946371366648,0.004250551843711037,1.3945594577770226,0.0025904907122935583,0.849911601115413,0.003721093275430576,1.2208499063951117,0.003654936237239781,1.1991445074963798,6.0617828369140625,6.167590141296387,6.038331031799316,6.165814399719238,5.464004993438721,5.912968158721924,5.8515214920043945,6.089995384216309,MELANOMA,Melanoma-092_CT
0.005432605743408203,0.0060625612483420355,1.115956205019321,0.004920319731269274,0.9056999360279555,0.004032676318331596,0.7423084033183724,0.004397881837888917,0.8095330215882091,0.006301310298596263,1.1599035522146237,5.972806453704834,6.12338399887085,6.054360389709473,6.201416969299316,5.877403259277344,6.1251540184021,5.979001522064209,6.162012577056885,MELANOMA,Melanoma-093_CT
0.0012712478637695312,0.0037889711514935698,2.9804898435463913,0.0023548195684384154,1.8523539838376373,0.0011614195510105674,0.9135987151864914,0.007536038863008798,5.928017499662068,0.003006369060472025,2.3648774541756192,5.880321979522705,6.063669204711914,6.033895492553711,6.1142072677612305,5.714495658874512,5.986477375030518,5.983829021453857,6.13143253326416,MELANOMA,Melanoma-094_CT
0.00908517837524414,0.010353187137070563,1.139567690779152,0.00898244749006949,0.988691386360837,0.006725685846816987,0.7402912927092996,0.008088916384821232,0.8903410750251906,0.010200942027950077,1.122810183633199,5.857988357543945,6.055338382720947,6.037596702575684,6.176019668579102,5.908222198486328,6.136843681335449,6.03196907043457,6.1600236892700195,MELANOMA,Melanoma-095_CT
0.0002307891845703125,0.0016579661344167107,7.183587487552907,0.0012426291699512149,5.384027557396549,0.00018505478669794684,0.801800002207418,0.0016431765147899569,7.119507453412889,0.0012291388351286514,5.325577026699576,5.878472328186035,6.078432083129883,6.011221885681152,6.061286926269531,5.826315879821777,6.073769569396973,5.845028877258301,6.009932994842529,MELANOMA,Melanoma-096_CT
0.003185749053955078,0.0037899014506308504,1.1896384461109002,0.0032504050012960306,1.020292164676012,0.0024391536559846827,0.7656428545518863,0.0031427480736851976,0.9864989851581892,0.0037828016027674494,1.187409825633596,5.958568572998047,6.146284580230713,6.0390777587890625,6.201940536499023,5.916607856750488,6.113608360290527,6.072143077850342,6.175509452819824,MELANOMA,Melanoma-097_CT
0.0007138252258300781,0.0022278006034639475,3.1208891391894613,0.0010275288076968536,1.4394481674702997,0.0005888025180809109,0.8248437409294647,0.004102149260688748,5.7466332736922485,0.0018080788491943167,2.5329078529177447,5.8600687980651855,6.071218967437744,6.092714786529541,6.157984733581543,5.889919281005859,6.076797008514404,6.036572456359863,6.136089324951172,MELANOMA,Melanoma-098_CT
0.0019450187683105469,0.008399074545422991,4.318226384239258,0.003714841676639935,1.9099160573684721,0.0015824229319321148,0.813573021496545,0.009567626454668243,4.91901539481017,0.006807199938634767,3.4997939616839218,5.937172889709473,6.081811428070068,6.093997955322266,6.157689094543457,5.844517707824707,6.107876777648926,5.978153228759766,6.102453708648682,MELANOMA,Melanoma-099_CT
0.0035495758056640625,0.01361470020839306,3.835574332832898,0.00838281231676774,2.3616311242261885,0.002945858194266293,0.8299160396589362,0.005154497131371727,1.4521404506257358,0.012144260364550519,3.4213175929349173,5.931221008300781,6.056543350219727,6.081476211547852,6.2109785079956055,5.864584922790527,6.104177951812744,6.032461166381836,6.143968105316162,MELANOMA,Melanoma-100_CT
0.0025529861450195312,0.0072047144453222245,2.822062406704929,0.004457844053320059,1.7461225164858034,0.002043683600618351,0.8005039900296114,0.005666212067637844,2.2194362019275573,0.005779174154838529,2.2636830714032734,6.09948205947876,6.155248641967773,6.1269025802612305,6.200177192687988,5.994922161102295,6.154111862182617,6.0589213371276855,6.135157585144043,MELANOMA,Melanoma-101_CT
0.00640869140625,0.02031886311249309,3.170511750270873,0.01299718719548082,2.028053168900253,0.005139868998185193,0.8020141168026029,0.010039014407169589,1.566466241878452,0.015578138027478872,2.4307791922223903,5.964365005493164,6.092629432678223,6.070497512817383,6.17846155166626,5.862742900848389,6.110074043273926,6.069856643676758,6.157406330108643,MELANOMA,Melanoma-102_CT
0.000888824462890625,0.0008075171384689384,0.9085124083091576,0.0007552400645636226,0.8496970989485115,0.0006742219351565382,0.7585461222597802,0.0008599009413501335,0.96744779511992,0.0008537774732531034,0.9605584716826674,5.96964168548584,6.107231616973877,5.995885372161865,6.1835455894470215,5.596892833709717,5.938024520874023,5.937098503112793,6.158488750457764,MELANOMA,Melanoma-103_CT
